frame,input.bJump,input.bJumped,input.Pitch,input.Roll,car.Location.X,car.Location.Y,car.Location.Z,car.LinearVelocity.X,car.LinearVelocity.Y,car.LinearVelocity.Z,car.Quaternion.X,car.Quaternion.Y,car.Quaternion.Z,car.Quaternion.W,car.AngularVelocity.X,car.AngularVelocity.Y,car.AngularVelocity.Z
0,False,False,0.000000,0.000000,0.340000,0.000000,18.330000,0.000000,0.000000,8.400000,0.000003,0.008548,0.000003,0.999963,0.000000,-0.000300,0.000000
1,True,True,0.000000,0.000000,0.380000,0.000000,20.859999,-1.370000,0.000000,304.049988,0.000003,0.008548,0.000003,0.999963,0.000000,0.000200,0.000000
2,True,True,0.000000,0.000000,0.370000,0.000000,23.430000,0.310000,0.000000,308.070007,0.000003,0.008548,0.000003,0.999963,0.000000,0.000000,0.000000
3,True,True,0.000000,0.000000,0.370000,0.000000,26.029999,-0.130000,0.000000,312.089996,0.000003,0.008548,0.000003,0.999963,0.000000,0.000000,0.000000
4,True,True,0.000000,0.000000,0.370000,0.000000,28.660000,-0.020000,0.000000,316.109985,0.000003,0.008548,0.000003,0.999963,0.000000,0.000000,0.000000
5,True,True,0.000000,0.000000,0.370000,0.000000,31.330000,-0.040000,0.000000,320.130005,0.000003,0.008548,0.000003,0.999963,0.000000,0.000000,0.000000
6,True,True,0.000000,0.000000,0.370000,0.000000,34.029999,0.160000,0.000000,324.149994,0.000003,0.008548,0.000003,0.999963,0.000000,0.000000,0.000000
7,True,True,0.000000,0.000000,0.370000,0.000000,36.790001,0.360000,0.000000,330.880005,0.000003,0.008548,0.000003,0.999963,0.000000,0.000000,0.000000
8,True,True,0.000000,0.000000,0.370000,0.000000,39.599998,0.560000,0.000000,337.609985,0.000003,0.008548,0.000003,0.999963,0.000000,0.000000,0.000000
9,True,True,0.000000,0.000000,0.380000,0.000000,42.469997,0.760000,0.000000,344.339996,0.000003,0.008548,0.000003,0.999963,0.000000,0.000000,0.000000
10,True,True,0.000000,0.000000,0.390000,0.000000,45.399998,0.960000,0.000000,351.070007,0.000003,0.008548,0.000003,0.999963,0.000000,0.000000,0.000000
11,True,True,0.000000,0.000000,0.400000,0.000000,48.379997,1.160000,0.000000,357.799988,0.000003,0.008548,0.000003,0.999963,0.000000,0.000000,0.000000
12,True,True,0.000000,0.000000,0.410000,0.000000,51.419998,1.360000,0.000000,364.529999,0.000003,0.008548,0.000003,0.999963,0.000000,0.000000,0.000000
13,True,True,0.000000,0.000000,0.420000,0.000000,54.509998,1.560000,0.000000,371.259979,0.000003,0.008548,0.000003,0.999963,0.000000,0.000000,0.000000
14,True,True,0.000000,0.000000,0.430000,0.000000,57.660000,1.760000,0.000000,377.989990,0.000003,0.008548,0.000003,0.999963,0.000000,0.000000,0.000000
15,True,True,0.000000,0.000000,0.450000,0.000000,60.869999,1.960000,0.000000,384.720001,0.000003,0.008548,0.000003,0.999963,0.000000,0.000000,0.000000
16,True,True,0.000000,0.000000,0.470000,0.000000,64.129997,2.160000,0.000000,391.449982,0.000003,0.008548,0.000003,0.999963,0.000000,0.000000,0.000000
17,True,True,0.000000,0.000000,0.490000,0.000000,67.449997,2.360000,0.000000,398.179993,0.000003,0.008548,0.000003,0.999963,0.000000,0.000000,0.000000
18,True,True,0.000000,0.000000,0.510000,0.000000,70.820000,2.560000,0.000000,404.910004,0.000003,0.008548,0.000003,0.999963,0.000000,0.000000,0.000000
19,True,True,0.000000,0.000000,0.530000,0.000000,74.250000,2.760000,0.000000,411.639984,0.000003,0.008548,0.000003,0.999963,0.000000,0.000000,0.000000
20,True,True,0.000000,0.000000,0.550000,0.000000,77.739998,2.960000,0.000000,418.369995,0.000003,0.008548,0.000003,0.999963,0.000000,0.000000,0.000000
21,False,False,0.000000,0.000000,0.570000,0.000000,81.180000,2.960000,0.000000,412.949982,0.000003,0.008548,0.000003,0.999963,0.000000,0.000000,0.000000
22,False,False,0.000000,0.000000,0.590000,0.000000,84.580002,2.960000,0.000000,407.529999,0.000003,0.008548,0.000003,0.999963,0.000000,0.000000,0.000000
23,False,False,0.000000,0.000000,0.610000,0.000000,87.930000,2.960000,0.000000,402.109985,0.000003,0.008548,0.000003,0.999963,0.000000,0.000000,0.000000
24,False,False,0.000000,0.000000,0.630000,0.000000,91.239998,2.960000,0.000000,396.690002,0.000003,0.008548,0.000003,0.999963,0.000000,0.000000,0.000000
25,False,False,0.000000,0.000000,0.650000,0.000000,94.500000,2.960000,0.000000,391.269989,0.000003,0.008548,0.000003,0.999963,0.000000,0.000000,0.000000
26,False,False,0.000000,0.000000,0.670000,0.000000,97.720001,2.960000,0.000000,385.850006,0.000003,0.008548,0.000003,0.999963,0.000000,0.000000,0.000000
27,False,False,0.000000,0.000000,0.690000,0.000000,100.889999,2.960000,0.000000,380.429993,0.000003,0.008548,0.000003,0.999963,0.000000,0.000000,0.000000
28,False,False,0.000000,0.000000,0.710000,0.000000,104.019997,2.960000,0.000000,375.009979,0.000003,0.008548,0.000003,0.999963,0.000000,0.000000,0.000000
29,False,False,0.000000,0.000000,0.730000,0.000000,107.099998,2.960000,0.000000,369.589996,0.000003,0.008548,0.000003,0.999963,0.000000,0.000000,0.000000
30,False,False,0.000000,0.000000,0.750000,0.000000,110.129997,2.960000,0.000000,364.169983,0.000003,0.008548,0.000003,0.999963,0.000000,0.000000,0.000000
31,False,False,0.000000,0.000000,0.770000,0.000000,113.119995,2.960000,0.000000,358.750000,0.000003,0.008548,0.000003,0.999963,0.000000,0.000000,0.000000
32,False,False,0.000000,0.000000,0.790000,0.000000,116.059998,2.960000,0.000000,353.329987,0.000003,0.008548,0.000003,0.999963,0.000000,0.000000,0.000000
33,False,False,0.000000,0.000000,0.810000,0.000000,118.959999,2.960000,0.000000,347.910004,0.000003,0.008548,0.000003,0.999963,0.000000,0.000000,0.000000
34,False,False,0.000000,0.000000,0.830000,0.000000,121.809998,2.960000,0.000000,342.489990,0.000003,0.008548,0.000003,0.999963,0.000000,0.000000,0.000000
35,False,False,0.000000,0.000000,0.850000,0.000000,124.619995,2.960000,0.000000,337.070007,0.000003,0.008548,0.000003,0.999963,0.000000,0.000000,0.000000
36,False,False,0.000000,0.000000,0.870000,0.000000,127.379997,2.960000,0.000000,331.649994,0.000003,0.008548,0.000003,0.999963,0.000000,0.000000,0.000000
37,False,False,0.000000,0.000000,0.890000,0.000000,130.099991,2.960000,0.000000,326.229980,0.000003,0.008548,0.000003,0.999963,0.000000,0.000000,0.000000
38,False,False,0.000000,0.000000,0.910000,0.000000,132.770004,2.960000,0.000000,320.809998,0.000003,0.008548,0.000003,0.999963,0.000000,0.000000,0.000000
39,False,False,0.000000,0.000000,0.930000,0.000000,135.399994,2.960000,0.000000,315.389984,0.000003,0.008548,0.000003,0.999963,0.000000,0.000000,0.000000
40,False,False,0.000000,0.000000,0.950000,0.000000,137.979996,2.960000,0.000000,309.970001,0.000003,0.008548,0.000003,0.999963,0.000000,0.000000,0.000000
41,False,False,0.000000,0.000000,0.970000,0.000000,140.520004,2.960000,0.000000,304.549988,0.000003,0.008548,0.000003,0.999963,0.000000,0.000000,0.000000
42,False,False,0.000000,0.000000,0.990000,0.000000,143.009995,2.960000,0.000000,299.130005,0.000003,0.008548,0.000003,0.999963,0.000000,0.000000,0.000000
43,False,False,0.000000,0.000000,1.010000,0.000000,145.459991,2.960000,0.000000,293.709991,0.000003,0.008548,0.000003,0.999963,0.000000,0.000000,0.000000
44,False,False,0.000000,0.000000,1.030000,0.000000,147.860001,2.960000,0.000000,288.290009,0.000003,0.008548,0.000003,0.999963,0.000000,0.000000,0.000000
45,False,False,0.000000,0.000000,1.050000,0.000000,150.220001,2.960000,0.000000,282.869995,0.000003,0.008548,0.000003,0.999963,0.000000,0.000000,0.000000
46,False,False,0.000000,0.000000,1.070000,0.000000,152.529999,2.960000,0.000000,277.449982,0.000003,0.008548,0.000003,0.999963,0.000000,0.000000,0.000000
47,False,False,0.000000,0.000000,1.090000,0.000000,154.800003,2.960000,0.000000,272.029999,0.000003,0.008548,0.000003,0.999963,0.000000,0.000000,0.000000
48,False,False,0.000000,0.000000,1.110000,0.000000,157.019989,2.960000,0.000000,266.609985,0.000003,0.008548,0.000003,0.999963,0.000000,0.000000,0.000000
49,False,False,0.000000,0.000000,1.130000,0.000000,159.199997,2.960000,0.000000,261.190002,0.000003,0.008548,0.000003,0.999963,0.000000,0.000000,0.000000
50,False,False,0.000000,0.000000,1.150000,0.000000,161.330002,2.960000,0.000000,255.769989,0.000003,0.008548,0.000003,0.999963,0.000000,0.000000,0.000000
51,False,False,0.000000,0.000000,1.170000,0.000000,163.419998,2.960000,0.000000,250.349991,0.000003,0.008548,0.000003,0.999963,0.000000,0.000000,0.000000
52,False,False,0.000000,0.000000,1.190000,0.000000,165.459991,2.960000,0.000000,244.929993,0.000003,0.008548,0.000003,0.999963,0.000000,0.000000,0.000000
53,False,False,0.000000,0.000000,1.210000,0.000000,167.459991,2.960000,0.000000,239.509995,0.000003,0.008548,0.000003,0.999963,0.000000,0.000000,0.000000
54,False,False,0.000000,0.000000,1.230000,0.000000,169.410004,2.960000,0.000000,234.089996,0.000003,0.008548,0.000003,0.999963,0.000000,0.000000,0.000000
55,False,False,0.000000,0.000000,1.250000,0.000000,171.319992,2.960000,0.000000,228.669998,0.000003,0.008548,0.000003,0.999963,0.000000,0.000000,0.000000
56,False,False,0.000000,0.000000,1.270000,0.000000,173.179993,2.960000,0.000000,223.250000,0.000003,0.008548,0.000003,0.999963,0.000000,0.000000,0.000000
57,False,False,0.000000,0.000000,1.290000,0.000000,175.000000,2.960000,0.000000,217.830002,0.000003,0.008548,0.000003,0.999963,0.000000,0.000000,0.000000
58,False,False,0.000000,0.000000,1.310000,0.000000,176.769989,2.960000,0.000000,212.409988,0.000003,0.008548,0.000003,0.999963,0.000000,0.000000,0.000000
59,False,False,0.000000,0.000000,1.330000,0.000000,178.489990,2.960000,0.000000,206.989990,0.000003,0.008548,0.000003,0.999963,0.000000,0.000000,0.000000
60,False,False,0.000000,0.000000,1.350000,0.000000,180.169998,2.960000,0.000000,201.569992,0.000003,0.008548,0.000003,0.999963,0.000000,0.000000,0.000000
61,False,False,0.000000,0.000000,1.370000,0.000000,181.800003,2.960000,0.000000,196.149994,0.000003,0.008548,0.000003,0.999963,0.000000,0.000000,0.000000
62,False,False,0.000000,0.000000,1.390000,0.000000,183.389999,2.960000,0.000000,190.729996,0.000003,0.008548,0.000003,0.999963,0.000000,0.000000,0.000000
63,False,False,0.000000,0.000000,1.410000,0.000000,184.929993,2.960000,0.000000,185.309998,0.000003,0.008548,0.000003,0.999963,0.000000,0.000000,0.000000
64,False,False,0.000000,0.000000,1.430000,0.000000,186.429993,2.960000,0.000000,179.889999,0.000003,0.008548,0.000003,0.999963,0.000000,0.000000,0.000000
65,False,False,0.000000,0.000000,1.450000,0.000000,187.879990,2.960000,0.000000,174.470001,0.000003,0.008548,0.000003,0.999963,0.000000,0.000000,0.000000
66,False,False,0.000000,0.000000,1.470000,0.000000,189.289993,2.960000,0.000000,169.050003,0.000003,0.008548,0.000003,0.999963,0.000000,0.000000,0.000000
67,False,False,0.000000,0.000000,1.490000,0.000000,190.649994,2.960000,0.000000,163.629990,0.000003,0.008548,0.000003,0.999963,0.000000,0.000000,0.000000
68,False,False,0.000000,0.000000,1.510000,0.000000,191.970001,2.960000,0.000000,158.209991,0.000003,0.008548,0.000003,0.999963,0.000000,0.000000,0.000000
69,False,False,0.000000,0.000000,1.530000,0.000000,193.239990,2.960000,0.000000,152.789993,0.000003,0.008548,0.000003,0.999963,0.000000,0.000000,0.000000
70,False,False,0.000000,0.000000,1.550000,0.000000,194.470001,2.960000,0.000000,147.369995,0.000003,0.008548,0.000003,0.999963,0.000000,0.000000,0.000000
71,True,True,-1.000000,-1.000000,4.520000,-2.950000,195.649994,356.509979,-353.609985,141.949997,0.007723,0.014035,-0.000062,0.999872,1.852600,1.316600,-0.031600
72,True,True,-1.000000,-1.000000,7.490000,-5.900000,196.789993,356.500000,-353.600006,136.529999,0.022850,0.024867,-0.000192,0.999430,3.631200,2.601700,-0.061600
73,True,True,-1.000000,-1.000000,10.460000,-8.849999,197.879990,356.489990,-353.600006,131.110001,0.045076,0.040912,-0.000375,0.998145,4.458200,3.219900,-0.074500
74,True,True,-1.000000,-1.000000,13.429999,-11.800000,198.929993,356.489990,-353.600006,125.689995,0.070567,0.059427,-0.000580,0.995735,4.448000,3.234100,-0.072400
75,True,True,-1.000000,-1.000000,16.400000,-14.750000,199.929993,356.489990,-353.600006,120.269997,0.095944,0.077936,-0.000780,0.992331,4.440800,3.244000,-0.070100
76,True,True,-1.000000,-1.000000,19.369999,-17.699999,200.889999,356.489990,-353.600006,114.849998,0.121197,0.096413,-0.000974,0.987935,4.435800,3.250900,-0.067900
77,True,True,-1.000000,-1.000000,22.340000,-20.650000,201.800003,356.489990,-353.600006,109.430000,0.146310,0.114821,-0.001163,0.982552,4.432300,3.255600,-0.066000
78,True,True,-1.000000,-1.000000,25.309999,-23.600000,202.669998,356.489990,-353.600006,104.009995,0.171261,0.133131,-0.001341,0.976188,4.430000,3.258900,-0.064400
79,True,True,-1.000000,-1.000000,28.279999,-26.549999,203.489990,356.489990,-353.600006,98.589996,0.196034,0.151322,-0.001513,0.968850,4.428300,3.261100,-0.063100
80,True,True,-1.000000,-1.000000,31.250000,-29.500000,204.269989,356.489990,-353.600006,93.169998,0.220602,0.169373,-0.001686,0.960544,4.427200,3.262700,-0.062100
81,True,True,-1.000000,-1.000000,34.219997,-32.450001,205.000000,356.489990,-353.600006,87.750000,0.244944,0.187262,-0.001853,0.951279,4.426500,3.263700,-0.061300
82,True,True,-1.000000,-1.000000,37.189999,-35.399998,205.690002,356.489990,-353.600006,82.330002,0.269037,0.204968,-0.002015,0.941065,4.426000,3.264400,-0.060700
83,True,True,-1.000000,-1.000000,40.160000,-38.349998,206.330002,356.489990,-353.600006,76.909996,0.292860,0.222474,-0.002177,0.929910,4.425600,3.264900,-0.060200
84,True,True,-1.000000,-1.000000,43.129997,-41.299999,206.929993,356.489990,-353.600006,71.489998,0.316387,0.239759,-0.002333,0.917829,4.425400,3.265200,-0.059800
85,True,True,-1.000000,-1.000000,46.099998,-44.250000,207.479996,356.489990,-353.600006,66.070000,0.339601,0.256807,-0.002484,0.904829,4.425200,3.265400,-0.059500
86,True,True,-1.000000,-1.000000,49.070000,-47.200001,207.989990,356.489990,-353.600006,60.649998,0.362475,0.273601,-0.002635,0.890925,4.425100,3.265600,-0.059300
87,True,True,-1.000000,-1.000000,52.039997,-50.149998,208.449997,356.489990,-353.600006,55.230000,0.384982,0.290120,-0.002781,0.876134,4.425000,3.265700,-0.059200
88,True,True,-1.000000,-1.000000,55.009998,-53.099998,208.869995,356.489990,-353.600006,49.809998,0.407106,0.306353,-0.002927,0.860467,4.425000,3.265800,-0.059100
89,True,True,-1.000000,-1.000000,57.980000,-56.049999,209.089996,356.489990,-353.600006,26.949999,0.428826,0.322278,-0.003067,0.843940,4.425000,3.265800,-0.059000
90,True,True,-1.000000,-1.000000,60.949997,-59.000000,209.190002,356.489990,-353.600006,12.099999,0.450114,0.337885,-0.003202,0.826572,4.425000,3.265800,-0.058900
91,True,True,-1.000000,-1.000000,63.919998,-61.949997,209.209991,356.489990,-353.600006,2.440000,0.470954,0.353153,-0.003337,0.808378,4.425000,3.265800,-0.058900
92,True,True,-1.000000,-1.000000,66.889999,-64.900002,209.179993,356.489990,-353.600006,-3.830000,0.491325,0.368069,-0.003466,0.789375,4.425000,3.265800,-0.058900
93,True,True,-1.000000,-1.000000,69.860001,-67.849998,209.110001,356.489990,-353.600006,-7.900000,0.511205,0.382619,-0.003596,0.769584,4.425000,3.265800,-0.058900
94,True,True,-1.000000,-1.000000,72.830002,-70.799995,209.019989,356.489990,-353.600006,-10.550000,0.530572,0.396786,-0.003720,0.749026,4.425000,3.265800,-0.058900
95,True,True,-1.000000,-1.000000,75.799995,-73.750000,208.919998,356.489990,-353.600006,-12.270000,0.549411,0.410554,-0.003838,0.727721,4.424900,3.265800,-0.058900
96,True,True,-1.000000,-1.000000,78.769997,-76.699997,208.809998,356.489990,-353.600006,-13.389999,0.567699,0.423911,-0.003952,0.705692,4.424900,3.265900,-0.058900
97,True,True,-1.000000,-1.000000,81.739998,-79.650002,208.690002,356.489990,-353.600006,-14.120000,0.585421,0.436848,-0.004065,0.682956,4.424900,3.265900,-0.058900
98,True,True,-1.000000,-1.000000,84.709999,-82.599998,208.569992,356.489990,-353.600006,-14.589999,0.602561,0.449348,-0.004173,0.659538,4.424900,3.265900,-0.058900
99,True,True,-1.000000,-1.000000,87.680000,-85.549995,208.449997,356.489990,-353.600006,-14.900000,0.619096,0.461400,-0.004275,0.635462,4.424900,3.265900,-0.058900
100,True,True,-1.000000,-1.000000,90.650002,-88.500000,208.319992,356.489990,-353.600006,-15.099999,0.635014,0.472993,-0.004372,0.610750,4.424900,3.265900,-0.058900
101,True,True,-1.000000,-1.000000,93.619995,-91.449997,208.190002,356.489990,-353.600006,-15.230000,0.650301,0.484112,-0.004470,0.585427,4.424900,3.265900,-0.058900
102,True,True,-1.000000,-1.000000,96.589996,-94.400002,208.059998,356.489990,-353.600006,-15.309999,0.664938,0.494745,-0.004561,0.559521,4.424900,3.265900,-0.058900
103,True,True,-1.000000,-1.000000,99.559998,-97.349998,207.929993,356.489990,-353.600006,-15.360000,0.678911,0.504887,-0.004648,0.533054,4.424900,3.265900,-0.058900
104,True,True,-1.000000,-1.000000,102.529999,-100.299995,207.799988,356.489990,-353.600006,-15.400000,0.692206,0.514523,-0.004729,0.506058,4.424900,3.265900,-0.058900
105,True,True,-1.000000,-1.000000,105.500000,-103.250000,207.669998,356.489990,-353.600006,-15.420000,0.704810,0.523645,-0.004804,0.478555,4.424900,3.265900,-0.058900
106,True,True,-1.000000,-1.000000,108.470001,-106.199997,207.539993,356.489990,-353.600006,-15.429999,0.716709,0.532245,-0.004874,0.450578,4.424900,3.265900,-0.058800
107,True,True,-1.000000,-1.000000,111.439995,-109.149994,207.409988,356.489990,-353.600006,-15.440000,0.727892,0.540315,-0.004939,0.422147,4.424900,3.265900,-0.058800
108,True,True,-1.000000,-1.000000,114.409996,-112.099998,207.279999,356.489990,-353.600006,-15.450000,0.738348,0.547846,-0.005004,0.393296,4.424900,3.265900,-0.058800
109,True,True,-1.000000,-1.000000,117.379997,-115.049995,207.149994,356.489990,-353.600006,-15.450000,0.748070,0.554827,-0.005063,0.364050,4.424900,3.265900,-0.058800
110,True,True,-1.000000,-1.000000,120.349998,-118.000000,207.019989,356.489990,-353.600006,-15.450000,0.757041,0.561258,-0.005117,0.334444,4.424900,3.265900,-0.058800
111,True,True,-1.000000,-1.000000,123.320000,-120.949997,206.889999,356.489990,-353.600006,-15.450000,0.765257,0.567127,-0.005166,0.304502,4.424900,3.265900,-0.058800
112,True,True,-1.000000,-1.000000,126.290001,-123.899994,206.759995,356.489990,-353.600006,-15.450000,0.772708,0.572430,-0.005209,0.274259,4.424900,3.265900,-0.058800
113,True,True,-1.000000,-1.000000,129.259995,-126.849998,206.629990,356.489990,-353.600006,-15.450000,0.779389,0.577162,-0.005246,0.243740,4.424900,3.265900,-0.058800
114,True,True,-1.000000,-1.000000,132.229996,-129.800003,206.500000,356.489990,-353.600006,-15.450000,0.785292,0.581316,-0.005279,0.212979,4.424900,3.265900,-0.058800
115,True,True,-1.000000,-1.000000,135.199997,-132.750000,206.369995,356.489990,-353.600006,-15.450000,0.790410,0.584893,-0.005306,0.182002,4.424900,3.265900,-0.058800
116,True,True,-1.000000,-1.000000,138.169998,-135.699997,206.239990,356.489990,-353.600006,-15.450000,0.794740,0.587881,-0.005327,0.150847,4.424900,3.265900,-0.058800
117,True,True,-1.000000,-1.000000,141.139999,-138.649994,206.110001,356.489990,-353.600006,-15.450000,0.798278,0.590282,-0.005344,0.119541,4.424900,3.265900,-0.058800
118,True,True,-1.000000,-1.000000,144.110001,-141.599991,205.979996,356.489990,-353.600006,-15.450000,0.801019,0.592095,-0.005354,0.088116,4.424900,3.265900,-0.058800
119,True,True,-1.000000,-1.000000,147.080002,-144.550003,205.849991,356.489990,-353.600006,-15.450000,0.802957,0.593319,-0.005360,0.056600,4.424900,3.265900,-0.058800
120,True,True,-1.000000,-1.000000,150.050003,-147.500000,205.720001,356.489990,-353.600006,-15.450000,0.804094,0.593950,-0.005360,0.025029,4.424900,3.265900,-0.058800
121,True,True,-1.000000,-1.000000,153.019989,-150.449997,205.589996,356.489990,-353.600006,-15.450000,0.804429,0.593988,-0.005354,-0.006568,4.424900,3.265900,-0.058800
122,True,True,-1.000000,-1.000000,155.989990,-153.399994,205.459991,356.489990,-353.600006,-15.450000,0.803961,0.593433,-0.005344,-0.038160,4.424900,3.265900,-0.058800
123,True,True,-1.000000,-1.000000,158.959991,-156.349991,205.330002,356.489990,-353.600006,-15.450000,0.802690,0.592283,-0.005327,-0.069715,4.424900,3.265900,-0.058800
124,True,True,-1.000000,-1.000000,161.929993,-159.300003,205.199997,356.489990,-353.600006,-15.450000,0.800616,0.590546,-0.005306,-0.101199,4.424900,3.265900,-0.058800
125,True,True,-1.000000,-1.000000,164.899994,-162.250000,205.069992,356.489990,-353.600006,-15.450000,0.797745,0.588216,-0.005279,-0.132580,4.424900,3.265900,-0.058800
126,True,True,-1.000000,-1.000000,167.869995,-165.199997,204.940002,356.489990,-353.600006,-15.450000,0.794078,0.585297,-0.005246,-0.163827,4.424900,3.265900,-0.058800
127,True,True,-1.000000,-1.000000,170.839996,-168.149994,204.809998,356.489990,-353.600006,-15.450000,0.789617,0.581796,-0.005209,-0.194912,4.424900,3.265900,-0.058800
128,True,True,-1.000000,-1.000000,173.809998,-171.099991,204.679993,356.489990,-353.600006,-15.450000,0.784369,0.577712,-0.005166,-0.225803,4.424900,3.265900,-0.058800
129,True,True,-1.000000,-1.000000,176.779999,-174.050003,204.550003,356.489990,-353.600006,-15.450000,0.778335,0.573056,-0.005117,-0.256467,4.424900,3.265900,-0.058800
130,True,True,-1.000000,-1.000000,179.750000,-177.000000,204.419998,356.489990,-353.600006,-15.450000,0.771526,0.567823,-0.005063,-0.286877,4.424900,3.265900,-0.058800
131,True,True,-1.000000,-1.000000,182.720001,-179.949997,204.289993,356.489990,-353.600006,-15.450000,0.763946,0.562024,-0.005004,-0.317002,4.424900,3.265900,-0.058800
132,True,True,-1.000000,-1.000000,185.690002,-182.899994,204.159988,356.489990,-353.600006,-15.450000,0.755604,0.555663,-0.004939,-0.346809,4.424900,3.265900,-0.058800
133,True,True,-1.000000,-1.000000,188.659988,-185.849991,204.029999,356.489990,-353.600006,-15.450000,0.746508,0.548747,-0.004869,-0.376270,4.424900,3.265900,-0.058800
134,True,True,-1.000000,-1.000000,191.629990,-188.800003,203.899994,356.489990,-353.600006,-15.450000,0.736665,0.541286,-0.004799,-0.405353,4.424900,3.265900,-0.058700
135,True,True,-1.000000,-1.000000,194.599991,-191.750000,203.769989,356.489990,-353.600006,-15.450000,0.726086,0.533286,-0.004723,-0.434032,4.424900,3.265900,-0.058700
136,True,True,-1.000000,-1.000000,197.569992,-194.699997,203.639999,356.489990,-353.600006,-15.450000,0.714781,0.524751,-0.004642,-0.462279,4.424900,3.265900,-0.058700
137,True,True,-1.000000,-1.000000,200.539993,-197.649994,203.509995,356.489990,-353.600006,-15.450000,0.702765,0.515693,-0.004556,-0.490062,4.424900,3.265900,-0.058700
138,True,True,-1.000000,-1.000000,203.509995,-200.599991,203.379990,356.489990,-353.600006,-15.450000,0.690042,0.506123,-0.004464,-0.517360,4.424900,3.265900,-0.058700
139,True,True,-1.000000,-1.000000,206.479996,-203.550003,203.250000,356.489990,-353.600006,-15.450000,0.676632,0.496045,-0.004367,-0.544140,4.424900,3.265900,-0.058700
140,True,True,-1.000000,-1.000000,209.449997,-206.500000,203.119995,356.489990,-353.600006,-15.450000,0.662549,0.485471,-0.004265,-0.570375,4.424900,3.265900,-0.058700
141,True,True,-1.000000,-1.000000,212.419998,-209.449997,202.989990,356.489990,-353.600006,-15.450000,0.647807,0.474412,-0.004162,-0.596038,4.424900,3.265900,-0.058700
142,True,True,-1.000000,-1.000000,215.389999,-212.399994,202.860001,356.489990,-353.600006,-15.450000,0.632418,0.462878,-0.004054,-0.621108,4.424900,3.265900,-0.058700
143,True,True,-1.000000,-1.000000,218.360001,-215.349991,202.729996,356.489990,-353.600006,-15.450000,-0.616393,-0.450885,0.003941,0.645559,4.424900,3.265900,-0.058700
144,True,True,-1.000000,-1.000000,221.330002,-218.299988,202.599991,356.489990,-353.600006,-15.450000,-0.599755,-0.438439,0.003822,0.669365,4.424900,3.265900,-0.058700
145,True,True,-1.000000,-1.000000,224.299988,-221.250000,202.470001,356.489990,-353.600006,-15.450000,-0.582519,-0.425557,0.003704,0.692502,4.424900,3.265900,-0.058700
146,True,True,-1.000000,-1.000000,227.269989,-224.199997,202.339996,356.489990,-353.600006,-15.450000,-0.564700,-0.412248,0.003579,0.714950,4.424900,3.265900,-0.058700
147,True,True,-1.000000,-1.000000,230.239990,-227.149994,202.209991,356.489990,-353.600006,-15.450000,-0.546314,-0.398529,0.003450,0.736684,4.424900,3.265900,-0.058700
148,True,True,-1.000000,-1.000000,233.209991,-230.099991,202.080002,356.489990,-353.600006,-15.450000,-0.527384,-0.384410,0.003321,0.757683,4.424900,3.265900,-0.058700
149,True,True,-1.000000,-1.000000,236.179993,-233.049988,201.949997,356.489990,-353.600006,-15.450000,-0.507930,-0.369909,0.003186,0.777923,4.424900,3.265900,-0.058700
150,True,True,-1.000000,-1.000000,239.149994,-236.000000,201.779999,356.489990,-353.600006,-20.859999,-0.493035,-0.359411,0.003472,0.792293,4.442800,3.240900,0.084000
151,True,True,-1.000000,-1.000000,242.119995,-238.949997,201.559998,356.489990,-353.600006,-26.269999,-0.477600,-0.349101,0.004119,0.806231,4.460800,3.209800,0.219200
152,True,True,-1.000000,-1.000000,245.089996,-241.899994,201.300003,356.489990,-353.600006,-31.679998,-0.461653,-0.338981,0.005095,0.819721,4.478800,3.173200,0.346800
153,True,True,-1.000000,-1.000000,248.059998,-244.849991,200.989990,356.489990,-353.600006,-37.090000,-0.445221,-0.329049,0.006379,0.832745,4.497000,3.131800,0.466900
154,True,True,-1.000000,-1.000000,251.029999,-247.799988,200.639999,356.489990,-353.600006,-42.500000,-0.428319,-0.319311,0.007944,0.845293,4.515300,3.086300,0.579700
155,True,True,-1.000000,-1.000000,254.000000,-250.750000,200.239990,356.489990,-353.600006,-47.910000,-0.410974,-0.309762,0.009773,0.857352,4.533700,3.037300,0.685200
156,True,True,-1.000000,-1.000000,256.970001,-253.699997,199.800003,356.489990,-353.600006,-53.320000,-0.393209,-0.300402,0.011839,0.868910,4.552200,2.985300,0.783600
157,True,True,-1.000000,-1.000000,259.940002,-256.649994,199.309998,356.489990,-353.600006,-58.730000,-0.375045,-0.291231,0.014121,0.879958,4.570900,2.930900,0.875100
158,True,True,-1.000000,-1.000000,262.910004,-259.600006,198.779999,356.489990,-353.600006,-64.139999,-0.356503,-0.282249,0.016597,0.890486,4.589700,2.874500,0.959900
159,True,True,-1.000000,-1.000000,265.880005,-262.549988,198.199997,356.489990,-353.600006,-69.549995,-0.337600,-0.273450,0.019251,0.900489,4.608500,2.816500,1.038200
160,True,True,-1.000000,-1.000000,268.850006,-265.500000,197.580002,356.489990,-353.600006,-74.959999,-0.318362,-0.264829,0.022062,0.909959,4.627400,2.757400,1.110200
161,True,True,-1.000000,-1.000000,271.820007,-268.449982,196.909988,356.489990,-353.600006,-80.369995,-0.298805,-0.256386,0.025013,0.918888,4.646400,2.697600,1.176200
162,True,True,-1.000000,-1.000000,274.790009,-271.399994,196.199997,356.489990,-353.600006,-85.779999,-0.278952,-0.248116,0.028088,0.927273,4.665300,2.637300,1.236400
163,True,True,-1.000000,-1.000000,277.759979,-274.350006,195.440002,356.489990,-353.600006,-91.189995,-0.258819,-0.240013,0.031271,0.935109,4.684200,2.576900,1.291000
164,True,True,-1.000000,-1.000000,280.729980,-277.299988,194.629990,356.489990,-353.600006,-96.599998,-0.238427,-0.232072,0.034551,0.942391,4.703100,2.516600,1.340300
165,True,True,-1.000000,-1.000000,283.699982,-280.250000,193.779999,356.489990,-353.600006,-102.009995,-0.217791,-0.224292,0.037907,0.949117,4.721900,2.456700,1.384600
166,True,True,-1.000000,-1.000000,286.669983,-283.199982,192.879990,356.489990,-353.600006,-107.419998,-0.196935,-0.216664,0.041332,0.955283,4.740600,2.397500,1.424000
167,True,True,-1.000000,-1.000000,289.639984,-286.149994,191.940002,356.489990,-353.600006,-112.829994,-0.175868,-0.209187,0.044807,0.960887,4.759200,2.339100,1.458900
168,True,True,-1.000000,-1.000000,292.609985,-289.100006,190.949997,356.489990,-353.600006,-118.239998,-0.154613,-0.201855,0.048324,0.965927,4.777500,2.281700,1.489400
169,True,True,-1.000000,-1.000000,295.579987,-292.049988,189.919998,356.489990,-353.600006,-123.649994,-0.133190,-0.194664,0.051874,0.970400,4.795700,2.225500,1.515900
170,True,True,-1.000000,-1.000000,298.549988,-295.000000,188.839996,356.489990,-353.600006,-129.059998,-0.111611,-0.187613,0.055440,0.974305,4.813600,2.170500,1.538500
171,True,True,-1.000000,-1.000000,301.519989,-297.949982,187.720001,356.489990,-353.600006,-134.470001,-0.089891,-0.180691,0.059017,0.977644,4.831300,2.117000,1.557500
172,True,True,-1.000000,-1.000000,304.489990,-300.899994,186.550003,356.489990,-353.600006,-139.879990,-0.068053,-0.173899,0.062593,0.980413,4.848700,2.065000,1.573100
173,True,True,-1.000000,-1.000000,307.459991,-303.850006,185.339996,356.489990,-353.600006,-145.289993,-0.046107,-0.167226,0.066159,0.982615,4.865800,2.014600,1.585600
174,True,True,-1.000000,-1.000000,310.429993,-306.799988,184.080002,356.489990,-353.600006,-150.699997,-0.024074,-0.160671,0.069709,0.984249,4.882600,1.965900,1.595100
175,True,True,-1.000000,-1.000000,313.399994,-309.750000,182.779999,356.489990,-353.600006,-156.110001,-0.001966,-0.154230,0.073232,0.985315,4.899100,1.919000,1.601900
176,True,True,-1.000000,-1.000000,316.369995,-312.699982,181.429993,356.489990,-353.600006,-161.519989,0.020201,-0.147902,0.076722,0.985815,4.915100,1.873800,1.606100
177,True,True,-1.000000,-1.000000,319.339996,-315.649994,180.039993,356.489990,-353.600006,-166.929993,0.042406,-0.141676,0.080175,0.985749,4.930800,1.830500,1.608000
178,True,True,-1.000000,-1.000000,322.309998,-318.600006,178.599991,356.489990,-353.600006,-172.339996,0.064643,-0.135553,0.083579,0.985120,4.946100,1.789000,1.607700
179,True,True,-1.000000,-1.000000,325.279999,-321.549988,177.119995,356.489990,-353.600006,-177.750000,0.086892,-0.129527,0.086929,0.983929,4.961000,1.749400,1.605500
180,True,True,-1.000000,-1.000000,328.250000,-324.500000,175.589996,356.489990,-353.600006,-183.159988,0.109134,-0.123593,0.090226,0.982178,4.975400,1.711600,1.601500
181,True,True,-1.000000,-1.000000,331.220001,-327.449982,174.019989,356.489990,-353.600006,-188.569992,0.131361,-0.117750,0.093457,0.979870,4.989400,1.675700,1.595800
182,True,True,-1.000000,-1.000000,334.190002,-330.399994,172.399994,356.489990,-353.600006,-193.979996,0.153555,-0.111994,0.096618,0.977007,5.003000,1.641700,1.588700
183,True,True,-1.000000,-1.000000,337.160004,-333.350006,170.739990,356.489990,-353.600006,-199.389999,0.175706,-0.106318,0.099710,0.973592,5.016100,1.609500,1.580200
184,True,True,-1.000000,-1.000000,340.130005,-336.299988,169.029999,356.489990,-353.600006,-204.799988,0.197798,-0.100724,0.102725,0.969628,5.028800,1.579200,1.570500
185,True,True,-1.000000,-1.000000,343.100006,-339.250000,167.279999,356.489990,-353.600006,-210.209991,0.219815,-0.095205,0.105660,0.965118,5.041000,1.550600,1.559800
186,True,True,-1.000000,-1.000000,346.070007,-342.199982,165.479996,356.489990,-353.600006,-215.619995,0.241690,-0.089271,0.108617,0.960114,5.007700,1.624300,1.591700
187,True,True,-1.000000,-1.000000,349.039978,-345.149994,163.639999,356.489990,-353.600006,-221.029999,0.263345,-0.082948,0.111600,0.954628,4.973400,1.694200,1.626000
188,True,True,-1.000000,-1.000000,352.009979,-348.100006,161.750000,356.489990,-353.600006,-226.440002,0.284763,-0.076253,0.114610,0.948662,4.938300,1.760200,1.662500
189,True,True,-1.000000,-1.000000,354.979980,-351.049988,159.819992,356.489990,-353.600006,-231.849991,0.305932,-0.069202,0.117647,0.942218,4.902600,1.822200,1.701000
190,True,True,-1.000000,-1.000000,357.949982,-354.000000,157.839996,356.489990,-353.600006,-237.259995,0.326837,-0.061806,0.120717,0.935299,4.866400,1.880300,1.741200
191,True,True,-1.000000,-1.000000,360.919983,-356.949982,155.819992,356.489990,-353.600006,-242.669998,0.347461,-0.054080,0.123825,0.927908,4.829900,1.934400,1.783000
192,True,True,-1.000000,-1.000000,363.889984,-359.899994,153.750000,356.489990,-353.600006,-248.080002,0.367794,-0.046042,0.126970,0.920047,4.793300,1.984500,1.826100
193,True,True,-1.000000,-1.000000,366.859985,-362.850006,151.639999,356.489990,-353.600006,-253.489990,0.387820,-0.037707,0.130153,0.911720,4.756800,2.030700,1.870400
194,True,True,-1.000000,-1.000000,369.829987,-365.799988,149.479996,356.489990,-353.600006,-258.899994,0.407527,-0.029086,0.133379,0.902932,4.720400,2.073000,1.915600
195,True,True,-1.000000,-1.000000,372.799988,-368.750000,147.279999,356.489990,-353.600006,-264.309998,0.426905,-0.020201,0.136648,0.893684,4.684400,2.111400,1.961600
196,True,True,-1.000000,-1.000000,375.769989,-371.699982,145.029999,356.489990,-353.600006,-269.720001,0.445944,-0.011062,0.139960,0.883981,4.648800,2.146000,2.008100
197,True,True,-1.000000,-1.000000,378.739990,-374.649994,142.739990,356.489990,-353.600006,-275.130005,0.464626,-0.001691,0.143316,0.873831,4.613800,2.177000,2.055000
198,True,True,-1.000000,-1.000000,381.709991,-377.600006,140.399994,356.489990,-353.600006,-280.540009,0.482947,0.007901,0.146715,0.863235,4.579400,2.204400,2.102100
199,True,True,-1.000000,-1.000000,384.679993,-380.549988,138.020004,356.489990,-353.600006,-285.949982,0.500895,0.017698,0.150157,0.852199,4.545800,2.228300,2.149200
200,True,True,-1.000000,-1.000000,387.649994,-383.500000,135.589996,356.489990,-353.600006,-291.359985,0.518466,0.027684,0.153642,0.840726,4.513200,2.248900,2.196200
201,True,True,-1.000000,-1.000000,390.619995,-386.449982,133.119995,356.489990,-353.600006,-296.769989,0.535643,0.037842,0.157165,0.828827,4.481400,2.266200,2.242800
202,True,True,-1.000000,-1.000000,393.589996,-389.399994,130.599991,356.489990,-353.600006,-302.179993,0.552421,0.048162,0.160730,0.816503,4.450800,2.280400,2.289000
203,True,True,-1.000000,-1.000000,396.559998,-392.350006,128.039993,356.489990,-353.600006,-307.589996,0.568794,0.058623,0.164334,0.803760,4.421200,2.291600,2.334600
204,True,True,-1.000000,-1.000000,399.529999,-395.299988,125.430000,356.489990,-353.600006,-313.000000,0.584752,0.069213,0.167976,0.790606,4.392800,2.300000,2.379500
205,True,True,-1.000000,-1.000000,402.500000,-398.250000,122.779999,356.489990,-353.600006,-318.410004,0.600289,0.079916,0.171650,0.777047,4.365600,2.305800,2.423600
206,True,True,-1.000000,-1.000000,405.470001,-401.199982,120.079994,356.489990,-353.600006,-323.820007,0.615400,0.090717,0.175356,0.763088,4.339600,2.309000,2.466800
207,True,True,-1.000000,-1.000000,408.440002,-404.149994,117.339996,356.489990,-353.600006,-329.229980,0.630080,0.101603,0.179094,0.748733,4.314900,2.309900,2.509000
208,True,True,-1.000000,-1.000000,411.410004,-407.100006,114.549995,356.489990,-353.600006,-334.639984,0.644316,0.112560,0.182855,0.733996,4.291500,2.308500,2.550100
209,True,True,-1.000000,-1.000000,414.380005,-410.049988,111.720001,356.489990,-353.600006,-340.049988,0.658106,0.123571,0.186642,0.718882,4.269400,2.305100,2.590000
210,True,True,-1.000000,-1.000000,417.349976,-413.000000,108.839996,356.489990,-353.600006,-345.459991,0.671447,0.134625,0.190451,0.703394,4.248600,2.299700,2.628600
211,True,True,-1.000000,-1.000000,420.319977,-415.949982,105.919998,356.489990,-353.600006,-350.869995,0.684330,0.145711,0.194275,0.687545,4.229200,2.292600,2.665900
212,True,True,-1.000000,-1.000000,423.289978,-418.899994,102.949997,356.489990,-353.600006,-356.279999,0.696754,0.156808,0.198111,0.671339,4.211000,2.283900,2.701900
213,True,True,-1.000000,-1.000000,426.259979,-421.849976,99.939995,356.489990,-353.600006,-361.690002,0.708711,0.167911,0.201958,0.654788,4.194200,2.273700,2.736500
214,True,True,-1.000000,-1.000000,429.229980,-424.799988,96.879997,356.489990,-353.600006,-367.100006,0.720200,0.179003,0.205810,0.637897,4.178600,2.262200,2.769700
215,True,True,-1.000000,-1.000000,432.199982,-427.750000,93.779999,356.489990,-353.600006,-372.509979,0.731219,0.190073,0.209661,0.620671,4.164300,2.249500,2.801400
216,True,True,-1.000000,-1.000000,435.169983,-430.699982,90.629997,356.489990,-353.600006,-377.919983,0.741759,0.201111,0.213508,0.603127,4.151200,2.235700,2.831700
217,True,True,-1.000000,-1.000000,438.139984,-433.649994,87.439995,356.489990,-353.600006,-383.329987,0.751819,0.212100,0.217349,0.585270,4.139300,2.221000,2.860500
218,True,True,-1.000000,-1.000000,441.109985,-436.599976,84.199997,356.489990,-353.600006,-388.739990,0.761397,0.223035,0.221179,0.567106,4.128600,2.205500,2.887800
219,True,True,-1.000000,-1.000000,444.079987,-439.549988,80.919998,356.489990,-353.600006,-394.149994,0.770492,0.233900,0.224994,0.548645,4.119000,2.189300,2.913700
220,True,True,-1.000000,-1.000000,447.049988,-442.500000,77.589996,356.489990,-353.600006,-399.559998,0.779097,0.244690,0.228786,0.529898,4.110500,2.172600,2.938100
221,True,True,-1.000000,-1.000000,450.019989,-445.449982,74.220001,356.489990,-353.600006,-404.970001,0.787210,0.255388,0.232557,0.510876,4.103100,2.155400,2.961100
222,True,True,-1.000000,-1.000000,452.989990,-448.399994,70.799995,356.489990,-353.600006,-410.380005,0.794835,0.265983,0.236296,0.491584,4.096600,2.137800,2.982700
223,True,True,-1.000000,-1.000000,455.959991,-451.349976,67.339996,356.489990,-353.600006,-415.789978,0.801962,0.276471,0.240002,0.472038,4.091100,2.120000,3.002900
224,True,True,-1.000000,-1.000000,458.929993,-454.299988,63.829998,356.489990,-353.600006,-421.199982,0.808593,0.286840,0.243670,0.452245,4.086500,2.102000,3.021700
225,True,True,-1.000000,-1.000000,461.899994,-457.250000,60.270000,356.489990,-353.600006,-426.609985,0.814727,0.297079,0.247296,0.432214,4.082800,2.083900,3.039200
226,True,True,-1.000000,-1.000000,464.869995,-460.199982,56.669998,356.489990,-353.600006,-432.019989,0.820364,0.307178,0.250872,0.411956,4.079900,2.065800,3.055400
227,True,True,-1.000000,-1.000000,467.529999,-462.959991,56.149998,319.019989,-330.799988,-129.349991,0.829190,0.327662,0.219782,0.395950,0.347500,5.441700,0.718600
228,True,True,-1.000000,-1.000000,470.190002,-465.720001,55.029999,319.009979,-330.799988,-134.759995,0.833761,0.338862,0.202815,0.385851,0.514300,5.419800,0.781200
229,True,True,-1.000000,-1.000000,472.849976,-468.479980,53.860001,319.000000,-330.799988,-140.169998,0.838054,0.349894,0.186145,0.374953,0.678200,5.393600,0.835400
230,True,True,-1.000000,-1.000000,475.509979,-471.239990,52.649998,318.989990,-330.799988,-145.580002,0.842061,0.360732,0.169783,0.363290,0.839000,5.363600,0.881600
231,True,True,-1.000000,-1.000000,478.169983,-474.000000,51.389999,318.989990,-330.799988,-150.989990,0.845777,0.371355,0.153739,0.350887,0.996400,5.330100,0.920100
232,True,True,-1.000000,-1.000000,480.829987,-476.759979,50.090000,318.989990,-330.799988,-156.399994,0.849195,0.381740,0.138018,0.337778,1.150300,5.293500,0.951200
233,True,True,-1.000000,-1.000000,483.489990,-479.479980,49.549999,319.269989,-326.859985,-76.949997,0.856142,0.389579,0.134663,0.311634,4.277700,3.219800,1.258300
234,True,True,-1.000000,-1.000000,486.149994,-482.199982,48.860001,319.259979,-326.850006,-82.360001,0.861318,0.395918,0.131917,0.289791,4.306500,3.169600,1.287200
235,True,True,-1.000000,-1.000000,488.809998,-484.919983,48.129997,319.250000,-326.850006,-87.769997,0.865984,0.402057,0.129360,0.267747,4.335100,3.119800,1.312600
236,True,True,-1.000000,-1.000000,491.419983,-487.599976,47.559998,313.509979,-321.889984,-67.909996,0.871531,0.408396,0.121596,0.242613,3.845400,3.832000,0.882100
237,True,True,-1.000000,-1.000000,494.029999,-490.279999,46.950001,313.500000,-321.880005,-73.320000,0.875682,0.413548,0.115290,0.221061,3.897900,3.771400,0.912400
238,True,True,-1.000000,-1.000000,496.639984,-492.959991,46.289997,313.500000,-321.880005,-78.729996,0.879329,0.418484,0.109264,0.199282,3.949500,3.710800,0.938400
239,True,True,-1.000000,-1.000000,499.250000,-495.639984,45.590000,313.500000,-321.880005,-84.139999,0.882472,0.423199,0.103508,0.177293,4.000300,3.650400,0.960100
240,True,True,-1.000000,-1.000000,501.859985,-498.319977,44.840000,313.500000,-321.880005,-89.549995,0.885110,0.427682,0.098021,0.155114,4.050000,3.590400,0.977700
241,True,True,-1.000000,-1.000000,504.470001,-501.000000,44.049999,313.500000,-321.880005,-94.959999,0.887243,0.431928,0.092799,0.132764,4.098600,3.531000,0.991300
242,True,True,-1.000000,-1.000000,507.079987,-503.679993,43.209999,313.500000,-321.880005,-100.369995,0.888876,0.435920,0.087841,0.110257,4.146000,3.472400,1.001000
243,True,True,-1.000000,-1.000000,509.690002,-506.359985,42.329998,313.500000,-321.880005,-105.779999,0.890009,0.439653,0.083142,0.087615,4.192200,3.414800,1.007000
244,True,True,-1.000000,-1.000000,512.299988,-509.039978,41.410000,313.419983,-321.789978,-110.809998,0.890659,0.443117,0.078600,0.064778,4.226800,3.373000,1.003200
245,True,True,-1.000000,-1.000000,514.909973,-511.720001,40.450001,313.309998,-321.679993,-115.720001,0.890829,0.446284,0.074198,0.041829,4.257200,3.337100,0.994700
246,True,True,-1.000000,-1.000000,517.519958,-514.399963,39.450001,313.190002,-321.559998,-120.579994,0.890518,0.449148,0.069930,0.018798,4.285200,3.304600,0.983100
247,True,True,-1.000000,-1.000000,520.130005,-517.080017,38.399998,313.059998,-321.429993,-125.409996,0.889734,0.451695,0.065782,-0.004297,4.311100,3.274900,0.968800
248,True,True,-1.000000,-1.000000,522.739990,-519.760010,37.309998,312.929993,-321.289978,-130.209991,0.888476,0.453923,0.061741,-0.027435,4.335200,3.247900,0.952100
249,True,True,-1.000000,-1.000000,525.349976,-522.440002,36.189999,312.789978,-321.149994,-134.979996,0.886749,0.455822,0.057803,-0.050606,4.357300,3.223700,0.933300
250,True,True,-1.000000,-1.000000,527.679993,-524.950012,36.290001,279.630005,-301.509979,-11.940000,0.888589,0.453874,0.050482,-0.043123,-2.241400,0.862300,-0.617400
251,True,True,-1.000000,-1.000000,530.010010,-527.459961,36.149998,279.630005,-301.500000,-17.350000,0.890197,0.451975,0.042886,-0.037804,-1.955200,1.079000,-0.566200
252,True,True,-1.000000,-1.000000,532.339966,-529.969971,35.959999,279.630005,-301.500000,-22.760000,0.891638,0.450114,0.035047,-0.033915,-1.675700,1.284000,-0.522800
253,True,True,-1.000000,-1.000000,534.669983,-532.479980,35.730000,279.630005,-301.500000,-28.170000,0.892931,0.448285,0.026993,-0.031401,-1.402700,1.477700,-0.486700
254,True,True,-1.000000,-1.000000,537.000000,-534.989990,35.450001,279.630005,-301.500000,-33.579998,0.894087,0.446478,0.018750,-0.030224,-1.136100,1.660500,-0.457300
255,True,True,-1.000000,-1.000000,539.330017,-537.500000,35.130001,279.630005,-301.500000,-38.989998,0.895115,0.444681,0.010345,-0.030338,-0.875900,1.832800,-0.434200
256,True,True,-1.000000,-1.000000,541.659973,-540.010010,34.759998,279.630005,-301.500000,-44.399998,0.896016,0.442885,0.001805,-0.031697,-0.621800,1.994900,-0.417100
257,True,True,-1.000000,-1.000000,543.989990,-542.519958,34.340000,279.630005,-301.500000,-49.809998,0.896791,0.441072,-0.006849,-0.034260,-0.373800,2.147200,-0.405500
258,True,True,-1.000000,-1.000000,546.320007,-545.029968,33.880001,279.630005,-301.500000,-55.219997,0.897437,0.439227,-0.015594,-0.037988,-0.131800,2.290100,-0.399200
259,True,True,-1.000000,-1.000000,548.649963,-547.539978,33.369999,279.630005,-301.500000,-60.629997,0.897944,0.437339,-0.024403,-0.042838,0.104300,2.424000,-0.397900
260,True,True,-1.000000,-1.000000,550.909973,-549.950012,33.219997,271.619995,-289.320007,-17.480000,0.897523,0.438181,-0.020088,-0.045233,0.978500,-0.684300,0.167300
261,True,True,-1.000000,-1.000000,553.119995,-552.309998,33.279999,264.809998,-283.619995,6.660000,0.897752,0.438116,-0.017315,-0.042390,-0.323200,-0.896900,-0.054100
262,True,True,-1.000000,-1.000000,555.330017,-554.669983,33.290001,264.809998,-283.619995,1.240000,0.897913,0.438002,-0.014801,-0.041068,-0.022600,-0.680100,-0.061000
263,True,True,-1.000000,-1.000000,557.529968,-557.019958,33.299999,263.699982,-282.519989,1.000000,0.898130,0.437717,-0.012740,-0.040043,-0.007400,-0.549600,-0.101300
264,True,True,-1.000000,-1.000000,559.719971,-559.359985,33.309998,262.579987,-281.369995,0.910000,0.898410,0.437258,-0.011127,-0.039261,-0.003100,-0.426100,-0.140800
265,True,True,-1.000000,-1.000000,561.899963,-561.700012,33.320000,261.470001,-280.220001,0.790000,0.898749,0.436638,-0.009951,-0.038711,0.000000,-0.306500,-0.178400
266,True,True,-1.000000,-1.000000,564.070007,-564.029968,33.329998,260.380005,-279.059998,0.650000,0.899146,0.435866,-0.009201,-0.038381,0.002200,-0.190400,-0.214400
267,True,True,-1.000000,-1.000000,566.229980,-566.349976,33.329998,259.309998,-277.889984,0.480000,0.899601,0.434944,-0.008861,-0.038268,0.004000,-0.077400,-0.249000
268,True,True,-1.000000,-1.000000,568.380005,-568.659973,33.329998,258.259979,-276.720001,0.280000,0.900109,0.433881,-0.008931,-0.038360,0.005500,0.032700,-0.282300
269,True,True,-1.000000,-1.000000,570.519958,-570.959961,33.329998,257.229980,-275.540009,0.050000,0.900671,0.432678,-0.009395,-0.038651,0.007000,0.140300,-0.314600
270,True,True,-1.000000,-1.000000,572.659973,-573.250000,33.329998,256.220001,-274.359985,-0.200000,0.901282,0.431340,-0.010247,-0.039142,0.008500,0.245600,-0.346000
271,True,True,-1.000000,-1.000000,574.789978,-575.529968,33.329998,255.229996,-273.169983,-0.490000,0.901940,0.429867,-0.011477,-0.039827,0.010500,0.349000,-0.376600
272,True,True,-1.000000,-1.000000,576.909973,-577.799988,33.320000,254.259995,-271.979980,-0.810000,0.902641,0.428265,-0.013080,-0.040701,0.013000,0.450700,-0.406700
273,True,True,-1.000000,-1.000000,579.019958,-580.059998,33.309998,253.309998,-270.790009,-1.160000,0.903384,0.426528,-0.015049,-0.041769,0.016200,0.550900,-0.436300
274,True,True,-1.000000,-1.000000,581.119995,-582.309998,33.299999,252.379990,-269.589996,-1.550000,0.904162,0.424661,-0.017379,-0.043032,0.020300,0.649800,-0.465600
275,True,True,-1.000000,-1.000000,583.219971,-584.549988,33.279999,251.470001,-268.389984,-1.970000,0.904974,0.422660,-0.020061,-0.044488,0.025300,0.747600,-0.494800
276,True,True,-1.000000,-1.000000,585.309998,-586.779968,33.259998,250.580002,-267.190002,-2.430000,0.905811,0.420529,-0.023093,-0.046139,0.031600,0.844500,-0.524000
277,True,True,-1.000000,-1.000000,587.380005,-588.979980,33.320000,247.839996,-263.729980,6.850000,0.906348,0.419207,-0.022337,-0.047957,0.457900,0.030800,-0.360600
278,True,True,-1.000000,-1.000000,589.450012,-591.179993,33.329998,247.839996,-263.720001,1.430000,0.906818,0.417847,-0.021722,-0.051113,0.735600,0.197300,-0.366500
279,True,True,-1.000000,-1.000000,591.479980,-593.339966,33.450001,244.069992,-259.649994,14.490000,0.907653,0.415959,-0.022148,-0.051518,0.025300,0.152000,-0.491000
280,True,True,-1.000000,-1.000000,593.510010,-595.500000,33.540001,243.669998,-259.160004,11.150000,0.908457,0.413996,-0.022828,-0.052834,0.199000,0.299200,-0.506400
281,True,True,-1.000000,-1.000000,595.529968,-597.649963,33.630001,242.699997,-257.959991,10.840000,0.909300,0.411881,-0.023891,-0.054372,0.207700,0.407200,-0.540300
282,True,True,-1.000000,-1.000000,597.539978,-599.789978,33.719997,241.750000,-256.759979,10.500000,0.910180,0.409610,-0.025331,-0.056136,0.217300,0.513500,-0.573500
283,True,True,-1.000000,-1.000000,599.549988,-601.919983,33.809998,240.610001,-255.389999,11.000000,0.910892,0.407651,-0.025342,-0.058763,0.551500,0.283300,-0.512900
284,True,True,-1.000000,-1.000000,601.539978,-604.029968,33.959999,238.279999,-252.679993,17.469999,0.911808,0.405348,-0.026097,-0.060155,0.202900,0.327700,-0.591600
285,True,True,-1.000000,-1.000000,603.519958,-606.130005,34.090000,237.610001,-251.839996,15.610000,0.912721,0.402920,-0.027160,-0.062119,0.298100,0.452400,-0.616500
286,True,True,-1.000000,-1.000000,605.489990,-608.219971,34.219997,236.669998,-250.629990,15.259999,0.913661,0.400336,-0.028601,-0.064320,0.311600,0.560000,-0.650300
287,True,True,-1.000000,-1.000000,607.450012,-610.299988,34.349998,235.669998,-249.419998,15.040000,0.914439,0.398027,-0.028795,-0.067433,0.636100,0.372500,-0.599600
288,True,True,-1.000000,-1.000000,609.390015,-612.359985,34.529999,233.360001,-246.679993,21.539999,0.915425,0.395351,-0.029761,-0.069348,0.293800,0.430900,-0.678500
289,True,True,-1.000000,-1.000000,611.329956,-614.409973,34.689999,232.709991,-245.839996,19.650000,0.916395,0.392551,-0.031018,-0.071845,0.392900,0.553100,-0.703800
290,True,True,-1.000000,-1.000000,613.260010,-616.450012,34.840000,231.979996,-244.959991,18.000000,0.917211,0.389945,-0.031401,-0.075363,0.703600,0.454000,-0.669900
291,True,True,-1.000000,-1.000000,615.169983,-618.469971,35.040001,229.699997,-242.209991,24.459999,0.918236,0.386962,-0.032566,-0.077731,0.371200,0.524800,-0.748600
292,True,True,-1.000000,-1.000000,617.079956,-620.479980,35.230000,229.059998,-241.360001,22.559999,0.919235,0.383849,-0.034017,-0.080682,0.472900,0.644700,-0.774300
293,True,True,-1.000000,-1.000000,618.979980,-622.479980,35.410000,228.239990,-240.360001,21.430000,0.920066,0.380963,-0.034459,-0.084610,0.785700,0.508500,-0.736900
294,True,True,-1.000000,-1.000000,620.859985,-624.459961,35.639999,225.959991,-237.580002,27.969999,0.921106,0.377683,-0.035716,-0.087431,0.459600,0.593800,-0.816800
295,True,True,-1.000000,-1.000000,622.739990,-626.429993,35.860001,225.330002,-236.729996,26.039999,0.922108,0.374268,-0.037254,-0.090846,0.565800,0.712200,-0.843300
296,True,True,-1.000000,-1.000000,624.609985,-628.390015,36.070000,224.529999,-235.729996,24.869999,0.922934,0.371074,-0.037788,-0.095232,0.876200,0.574000,-0.808600
297,True,True,-1.000000,-1.000000,626.459961,-630.329956,36.329998,222.250000,-232.929993,31.449999,0.923967,0.367471,-0.039169,-0.098571,0.560200,0.675700,-0.889600
298,True,True,-1.000000,-1.000000,628.309998,-632.260010,36.579998,221.629990,-232.089996,29.480000,0.924952,0.363716,-0.040814,-0.102515,0.671200,0.792100,-0.917100
299,True,True,-1.000000,-1.000000,630.149963,-634.190002,36.820000,220.809998,-231.049988,28.469999,0.925747,0.360198,-0.041397,-0.107403,0.980600,0.640200,-0.883700
300,True,True,-1.000000,-1.000000,631.969971,-636.089966,37.130001,218.519989,-228.239990,35.110001,0.926755,0.356239,-0.042897,-0.111260,0.676300,0.760300,-0.966400
301,True,True,-1.000000,-1.000000,633.779968,-637.979980,37.450001,217.279999,-226.589996,36.549999,0.927688,0.352311,-0.043927,-0.115511,0.796900,0.695300,-0.969200
302,True,True,-1.000000,-1.000000,635.589966,-639.869995,37.719997,217.139999,-226.419998,31.859999,0.928438,0.348373,-0.044796,-0.120965,1.079000,0.758600,-0.973500
303,True,True,-1.000000,-1.000000,637.380005,-641.729980,38.070000,214.979996,-223.720001,37.930000,0.929377,0.343992,-0.046560,-0.125540,0.818400,0.895300,-1.053300
304,True,True,-1.000000,-1.000000,639.159973,-643.579956,38.439999,213.479996,-221.690002,40.899998,0.930231,0.339704,-0.047601,-0.130406,0.935900,0.764700,-1.049600
305,True,True,-1.000000,-1.000000,640.929993,-645.419983,38.779999,212.569992,-220.500000,40.439999,0.931041,0.335183,-0.049042,-0.135682,0.987600,0.884800,-1.091200
306,True,True,-1.000000,-1.000000,642.690002,-647.239990,39.160000,211.069992,-218.519989,43.279999,0.931811,0.330602,-0.050212,-0.141099,1.041700,0.845100,-1.110400
307,True,True,-1.000000,-1.000000,644.450012,-649.059998,39.489998,210.929993,-218.349991,38.579998,0.932361,0.326001,-0.051183,-0.147670,1.319200,0.891400,-1.118800
308,True,True,-1.000000,-1.000000,646.190002,-650.859985,39.889999,208.779999,-215.750000,44.360001,0.933067,0.320908,-0.053082,-0.153577,1.104300,1.060100,-1.200500
309,True,True,-1.000000,-1.000000,647.919983,-652.640015,40.320000,207.159988,-213.529999,48.070000,0.933665,0.315918,-0.054199,-0.159776,1.225600,0.915900,-1.200400
310,True,True,-1.000000,-1.000000,649.649963,-654.419983,40.680000,207.119995,-213.479996,42.829998,0.934014,0.310857,-0.055213,-0.167145,1.495400,0.980200,-1.216500
311,True,True,-1.000000,-1.000000,651.359985,-656.179993,41.110001,205.000000,-211.039993,48.169998,0.934479,0.305285,-0.057161,-0.174018,1.322500,1.166500,-1.298500
312,True,True,-1.000000,-1.000000,653.049988,-657.919983,41.579998,203.279999,-208.709991,52.399998,0.934817,0.299814,-0.058294,-0.181193,1.447900,1.018200,-1.302000
313,True,True,-1.000000,-1.000000,654.739990,-659.659973,41.980000,203.269989,-208.699997,47.009998,0.934872,0.294252,-0.059324,-0.189501,1.710700,1.077000,-1.322800
314,True,True,-1.000000,-1.000000,656.419983,-661.380005,42.439999,201.149994,-206.500000,51.770000,0.934990,0.288145,-0.061277,-0.197512,1.584800,1.278100,-1.404900
315,True,True,-1.000000,-1.000000,658.079956,-663.079956,42.950001,199.289993,-204.080002,56.489998,0.934948,0.282141,-0.062399,-0.205853,1.718700,1.129800,-1.412800
316,True,True,-1.000000,-1.000000,659.739990,-664.779968,43.389999,199.289993,-204.069992,51.070000,0.934584,0.276028,-0.063392,-0.215272,1.973300,1.175400,-1.438000
317,True,True,-1.000000,-1.000000,661.380005,-666.469971,43.869999,197.139999,-202.279999,54.939999,0.934207,0.269355,-0.065253,-0.224605,1.900200,1.384100,-1.518500
318,True,True,-1.000000,-1.000000,663.010010,-668.140015,44.399998,195.149994,-199.959991,59.739998,0.933618,0.262763,-0.066332,-0.234337,2.047900,1.250500,-1.532700
319,True,True,-1.000000,-1.000000,664.630005,-669.799988,44.899998,194.000000,-199.050003,59.219997,0.932793,0.255906,-0.067540,-0.244636,2.169400,1.326700,-1.579400
320,True,True,-1.000000,-1.000000,666.250000,-671.459961,45.360001,193.899994,-198.919998,54.320000,0.931593,0.248968,-0.068452,-0.255857,2.414400,1.326900,-1.607500
321,True,True,-1.000000,-1.000000,667.869995,-673.119995,45.779999,193.819992,-198.819992,49.309998,0.929999,0.241928,-0.069078,-0.267958,2.650900,1.326300,-1.639200
322,True,True,-1.000000,-1.000000,669.459961,-674.779968,46.279999,190.539993,-198.619995,54.840000,0.928412,0.234208,-0.070907,-0.279589,2.488200,1.598300,-1.708100
323,True,True,-1.000000,-1.000000,671.029968,-676.419983,46.840000,188.199997,-196.779999,60.149998,0.926456,0.226747,-0.071657,-0.291771,2.690300,1.401200,-1.708000
324,True,True,-1.000000,-1.000000,672.589966,-678.059998,47.320000,187.489990,-196.909988,57.129997,0.924136,0.219027,-0.072493,-0.304540,2.823700,1.465700,-1.750500
325,True,True,-1.000000,-1.000000,674.149963,-679.700012,47.789997,186.639999,-196.979996,55.090000,0.921448,0.211140,-0.073232,-0.317790,2.959000,1.486800,-1.783600
326,True,True,-1.000000,-1.000000,675.700012,-681.339966,48.230000,185.929993,-197.129990,52.719997,0.918368,0.203101,-0.073836,-0.331509,3.096600,1.498700,-1.815900
327,True,True,-1.000000,-1.000000,677.250000,-682.979980,48.629997,185.929993,-197.119995,47.299999,0.914795,0.194896,-0.074149,-0.345929,3.301500,1.489800,-1.864800
328,True,True,-1.000000,-1.000000,678.799988,-684.619995,48.980000,185.929993,-197.110001,41.879997,0.910709,0.186512,-0.074160,-0.361002,3.498900,1.476400,-1.916800
329,True,True,-1.000000,-1.000000,680.349976,-686.260010,49.279999,185.929993,-197.110001,36.459999,0.906087,0.177945,-0.073852,-0.376680,3.688900,1.458900,-1.971900
330,True,True,-1.000000,-1.000000,681.890015,-687.909973,49.599998,184.779999,-198.129990,37.759998,0.901127,0.169222,-0.073728,-0.392298,3.696100,1.516600,-1.973800
331,True,True,-1.000000,-1.000000,683.429993,-689.559998,49.869999,184.759995,-198.149994,32.450001,0.895604,0.160299,-0.073280,-0.408444,3.872600,1.496300,-2.033500
332,True,True,-1.000000,-1.000000,684.969971,-691.209961,50.099998,184.750000,-198.149994,27.029999,0.889493,0.151176,-0.072482,-0.425082,4.046100,1.470100,-2.097500
333,True,True,-1.000000,-1.000000,686.510010,-692.859985,50.279999,184.750000,-198.149994,21.609999,0.882772,0.141843,-0.071322,-0.442162,4.212400,1.441400,-2.164700
334,True,True,-1.000000,-1.000000,688.049988,-694.510010,50.410000,184.750000,-198.149994,16.190001,0.875419,0.132289,-0.069790,-0.459641,4.371700,1.410500,-2.235100
335,True,True,-1.000000,-1.000000,689.589966,-696.159973,50.500000,184.750000,-198.149994,10.770000,0.867418,0.122514,-0.067886,-0.477460,4.524100,1.377900,-2.308700
336,True,True,-1.000000,-1.000000,691.130005,-697.809998,50.539997,184.750000,-198.149994,5.350000,0.858745,0.112506,-0.065598,-0.495576,4.669700,1.343900,-2.385500
337,True,True,-1.000000,-1.000000,692.669983,-699.459961,50.539997,184.750000,-198.149994,-0.060000,0.849384,0.102267,-0.062922,-0.513934,4.756600,1.294900,-2.438700
338,True,True,-1.000000,-1.000000,694.209961,-701.109985,50.489998,184.750000,-198.149994,-5.470000,0.839421,0.091898,-0.059880,-0.532298,4.765100,1.227800,-2.456800
339,True,True,-1.000000,-1.000000,695.750000,-702.760010,50.399998,184.750000,-198.149994,-10.880000,0.829003,0.081551,-0.056524,-0.550371,4.770800,1.163500,-2.476900
340,True,True,-1.000000,-1.000000,697.289978,-704.409973,50.259998,184.750000,-198.149994,-16.289999,0.818136,0.071225,-0.052867,-0.568142,4.773900,1.102100,-2.498800
341,True,True,-1.000000,-1.000000,698.829956,-706.059998,50.079998,184.750000,-198.149994,-21.699999,0.806835,0.060916,-0.048917,-0.585588,4.774700,1.043800,-2.522300
342,True,True,-1.000000,-1.000000,700.369995,-707.709961,49.849998,184.750000,-198.149994,-27.109999,0.795105,0.050622,-0.044688,-0.602701,4.773300,0.988500,-2.547100
343,True,True,-1.000000,-1.000000,701.909973,-709.359985,49.579998,184.750000,-198.149994,-32.520000,0.782958,0.040345,-0.040189,-0.619462,4.769900,0.936300,-2.573100
344,True,True,-1.000000,-1.000000,703.450012,-711.010010,49.259998,184.750000,-198.149994,-37.930000,0.770401,0.030084,-0.035430,-0.635863,4.764600,0.887100,-2.600100
345,True,True,-1.000000,-1.000000,704.989990,-712.659973,48.899998,184.750000,-198.149994,-43.340000,0.757442,0.019839,-0.030424,-0.651891,4.757700,0.841000,-2.627900
346,True,True,-1.000000,-1.000000,706.529968,-714.309998,48.489998,184.750000,-198.149994,-48.750000,0.744094,0.009605,-0.025186,-0.667530,4.749400,0.797900,-2.656300
347,True,True,-1.000000,-1.000000,708.070007,-715.959961,48.039997,184.750000,-198.149994,-54.160000,0.730361,-0.000612,-0.019721,-0.682776,4.739700,0.757800,-2.685200
348,True,True,-1.000000,-1.000000,709.609985,-717.609985,47.539997,184.750000,-198.149994,-59.570000,0.716257,-0.010814,-0.014040,-0.697612,4.728800,0.720700,-2.714400
349,True,True,-1.000000,-1.000000,711.149963,-719.260010,47.000000,184.750000,-198.149994,-64.979996,-0.701787,0.020999,0.008160,0.712030,4.717000,0.686500,-2.743700
350,True,True,-1.000000,-1.000000,712.690002,-720.909973,46.410000,184.750000,-198.149994,-70.389999,-0.686962,0.031169,0.002090,0.726021,4.704300,0.655100,-2.773100
351,True,True,-1.000000,-1.000000,714.149963,-722.450012,46.239998,175.360001,-184.610001,-20.910000,-0.670093,0.033834,-0.007501,0.741468,4.973400,-1.124400,-2.061700
352,True,True,-1.000000,-1.000000,715.609985,-723.989990,46.020000,175.360001,-184.610001,-26.320000,-0.653854,0.036623,-0.016565,0.755552,4.961500,-1.077000,-2.114800
353,True,True,-1.000000,-1.000000,717.070007,-725.529968,45.759998,175.360001,-184.610001,-31.730000,-0.637282,0.039687,-0.025644,0.769181,4.950400,-1.028800,-2.164300
354,True,True,-1.000000,-1.000000,718.529968,-727.070007,45.450001,175.360001,-184.610001,-37.139999,-0.620385,0.043016,-0.034735,0.782346,4.940000,-0.980000,-2.210200
355,True,True,-1.000000,-1.000000,719.989990,-728.609985,45.099998,175.360001,-184.610001,-42.549999,-0.603176,0.046598,-0.043819,0.795039,4.930400,-0.930800,-2.252500
356,True,True,-1.000000,-1.000000,721.450012,-730.149963,44.700001,175.360001,-184.610001,-47.959999,-0.585659,0.050417,-0.052888,0.807258,4.921600,-0.881400,-2.291400
357,True,True,-1.000000,-1.000000,722.909973,-731.690002,44.259998,175.360001,-184.610001,-53.369999,-0.567845,0.054469,-0.061930,0.818993,4.913500,-0.832000,-2.326900
358,True,True,-1.000000,-1.000000,724.369995,-733.229980,43.770000,174.039993,-186.119995,-54.809998,-0.549745,0.058741,-0.070934,0.830240,4.932600,-0.702600,-2.329100
359,True,True,-1.000000,-1.000000,725.820007,-734.779968,43.250000,172.679993,-187.669998,-59.239998,-0.531759,0.063090,-0.079371,0.840804,4.946500,-0.623800,-2.289900
360,True,True,-1.000000,-1.000000,727.260010,-736.339966,42.689999,171.289993,-189.259995,-63.910000,-0.513481,0.067594,-0.087453,0.850952,4.960900,-0.549700,-2.248800
361,True,True,-1.000000,-1.000000,728.669983,-737.899963,42.189999,167.239990,-188.709991,-57.090000,-0.493844,0.070319,-0.095615,0.861412,5.047000,-0.923800,-1.980900
362,True,True,-1.000000,-1.000000,730.059998,-739.469971,41.649998,165.699997,-190.330002,-61.889999,-0.474628,0.073022,-0.103130,0.871068,5.068400,-0.870300,-1.932800
363,True,True,-1.000000,-1.000000,731.440002,-741.049988,41.079998,162.479996,-192.349991,-64.019997,-0.454953,0.075525,-0.110364,0.880417,5.092400,-0.904000,-1.870600
364,True,True,-1.000000,-1.000000,732.789978,-742.649963,40.489998,159.399994,-194.419998,-67.239998,-0.435019,0.077866,-0.117345,0.889340,5.109800,-0.912700,-1.818100
365,True,True,-1.000000,-1.000000,734.119995,-744.269958,39.869999,156.309998,-196.389999,-70.839996,-0.414794,0.080040,-0.124083,0.897855,5.127000,-0.924200,-1.763300
366,True,True,-1.000000,-1.000000,735.419983,-745.899963,39.219997,153.209991,-198.239990,-74.799995,-0.394288,0.082036,-0.130568,0.905957,5.143700,-0.939000,-1.705900
367,True,True,-1.000000,-1.000000,736.690002,-747.549988,38.540001,150.119995,-199.929993,-78.459999,-0.373513,0.083838,-0.136788,0.913646,5.157300,-0.974700,-1.643700
368,True,True,-1.000000,-1.000000,737.940002,-749.209961,37.829998,147.149994,-201.500000,-81.889999,-0.352538,0.085440,-0.142744,0.920891,5.166900,-1.023300,-1.582900
369,True,True,-1.000000,-1.000000,739.169983,-750.889954,37.079998,144.369995,-202.979996,-85.470001,-0.331417,0.086848,-0.148446,0.927676,5.173900,-1.070000,-1.528100
