frame,input.bActivateBoost,input.bHoldingBoost,input.Steer,input.Throttle,car.Location.X,car.Location.Y,car.Location.Z,car.LinearVelocity.X,car.LinearVelocity.Y,car.LinearVelocity.Z,car.Quaternion.X,car.Quaternion.Y,car.Quaternion.Z,car.Quaternion.W,car.AngularVelocity.X,car.AngularVelocity.Y,car.AngularVelocity.Z
0,False,False,0.000000,0.000000,0.340000,0.000000,18.330000,0.000000,0.000000,8.400000,0.000003,0.008548,0.000003,0.999963,0.000000,-0.000300,0.000000
1,True,True,-1.000000,1.000000,0.410000,0.000000,18.330000,20.430000,-3.650000,8.309999,0.000003,0.008548,0.000003,0.999963,-0.001500,-0.000900,-0.090400
2,True,True,-1.000000,1.000000,0.650000,-0.030000,18.330000,40.639999,-7.340000,8.250000,-0.000003,0.008543,-0.000375,0.999963,-0.002300,-0.001300,-0.182100
3,True,True,-1.000000,1.000000,1.060000,-0.090000,18.330000,60.609997,-11.120000,8.210000,-0.000008,0.008537,-0.001136,0.999963,-0.002800,-0.001500,-0.276000
4,True,True,-1.000000,1.000000,1.630000,-0.180000,18.330000,80.360001,-14.980000,8.190000,-0.000008,0.008532,-0.002285,0.999961,-0.003000,-0.001600,-0.371100
5,True,True,-1.000000,1.000000,2.370000,-0.310000,18.330000,99.909996,-18.920000,8.170000,-0.000008,0.008527,-0.003833,0.999956,-0.003000,-0.001600,-0.466500
6,True,True,-1.000000,1.000000,3.270000,-0.470000,18.330000,119.259995,-22.949999,8.160000,-0.000003,0.008521,-0.005775,0.999947,-0.002900,-0.001600,-0.561600
7,True,True,-1.000000,1.000000,4.330000,-0.660000,18.330000,138.429993,-27.070000,8.150000,0.000003,0.008516,-0.008117,0.999931,-0.002700,-0.001600,-0.655800
8,True,True,-1.000000,1.000000,5.550000,-0.890000,18.330000,157.419998,-31.299999,8.150000,0.000013,0.008510,-0.010846,0.999905,-0.002400,-0.001500,-0.748500
9,True,True,-1.000000,1.000000,6.930000,-1.150000,18.330000,176.239990,-35.660000,8.150000,0.000030,0.008505,-0.013964,0.999866,-0.002000,-0.001400,-0.839300
10,True,True,-1.000000,1.000000,8.470000,-1.450000,18.330000,194.879990,-40.169998,8.150000,0.000051,0.008500,-0.017460,0.999811,-0.001600,-0.001300,-0.927800
11,True,True,-1.000000,1.000000,10.160000,-1.790000,18.330000,213.339996,-44.849998,8.150000,0.000078,0.008494,-0.021323,0.999736,-0.001200,-0.001200,-1.013700
12,True,True,-1.000000,1.000000,12.009999,-2.170000,18.330000,231.619995,-49.739998,8.150000,0.000111,0.008489,-0.025547,0.999638,-0.000900,-0.001100,-1.096800
13,True,True,-1.000000,1.000000,14.009999,-2.590000,18.330000,249.709991,-54.860001,8.150000,0.000148,0.008483,-0.030117,0.999510,-0.000600,-0.001000,-1.177000
14,True,True,-1.000000,1.000000,16.160000,-3.050000,18.330000,267.600006,-60.230000,8.150000,0.000186,0.008478,-0.035020,0.999351,-0.000300,-0.000900,-1.254000
15,True,True,-1.000000,1.000000,18.459999,-3.560000,18.330000,285.290009,-65.879997,8.150000,0.000229,0.008473,-0.040243,0.999154,0.000000,-0.000800,-1.327700
16,True,True,-1.000000,1.000000,20.910000,-4.110000,18.330000,302.759979,-71.839996,8.150000,0.000278,0.008467,-0.045767,0.998916,0.000100,-0.000600,-1.398000
17,True,True,-1.000000,1.000000,23.500000,-4.710000,18.330000,320.009979,-78.110001,8.150000,0.000326,0.008462,-0.051583,0.998633,0.000200,-0.000500,-1.465100
18,True,True,-1.000000,1.000000,26.240000,-5.370000,18.330000,337.019989,-84.729996,8.150000,0.000380,0.008456,-0.057679,0.998299,0.000300,-0.000400,-1.528800
19,True,True,-1.000000,1.000000,29.119999,-6.080000,18.330000,353.779999,-91.720001,8.150000,0.000434,0.008451,-0.064039,0.997911,0.000400,-0.000300,-1.589100
20,True,True,-1.000000,1.000000,32.139999,-6.850000,18.330000,370.269989,-99.099998,8.150000,0.000494,0.008446,-0.070642,0.997466,0.000600,-0.000200,-1.646000
21,True,True,-1.000000,1.000000,35.290001,-7.690000,18.330000,386.489990,-106.879997,8.150000,0.000553,0.008440,-0.077483,0.996958,0.000700,-0.000100,-1.699500
22,True,True,-1.000000,1.000000,38.579998,-8.590000,18.330000,402.410004,-115.079994,8.150000,0.000618,0.008435,-0.084539,0.996384,0.000800,0.000000,-1.749700
23,True,True,-1.000000,1.000000,42.000000,-9.559999,18.330000,418.029999,-123.709999,8.150000,0.000682,0.008429,-0.091801,0.995741,0.000900,0.000000,-1.796400
24,True,True,-1.000000,1.000000,45.549999,-10.599999,18.330000,433.329987,-132.779999,8.150000,0.000747,0.008424,-0.099251,0.995026,0.001000,0.000000,-1.839900
25,True,True,-1.000000,1.000000,49.230000,-11.719999,18.330000,448.289978,-142.300003,8.150000,0.000817,0.008419,-0.106874,0.994237,0.001100,0.000000,-1.880100
26,True,True,-1.000000,1.000000,53.029999,-12.920000,18.330000,462.899994,-152.269989,8.150000,0.000887,0.008413,-0.114659,0.993369,0.001100,0.000000,-1.917200
27,True,True,-1.000000,1.000000,56.949997,-14.200000,18.330000,477.149994,-162.690002,8.150000,0.000958,0.008408,-0.122589,0.992421,0.001100,0.000000,-1.951100
28,True,True,-1.000000,1.000000,60.989998,-15.570000,18.330000,490.970001,-173.639999,8.150000,0.001033,0.008402,-0.130654,0.991392,0.001100,0.000000,-1.983700
29,True,True,-1.000000,1.000000,65.150002,-17.029999,18.330000,504.329987,-185.129990,8.150000,0.001109,0.008392,-0.138844,0.990278,0.001000,0.000000,-2.015700
30,True,True,-1.000000,1.000000,69.419998,-18.590000,18.330000,517.219971,-197.139999,8.150000,0.001184,0.008381,-0.147157,0.989077,0.000900,0.000000,-2.046900
31,True,True,-1.000000,1.000000,73.799995,-20.250000,18.330000,529.630005,-209.669998,8.150000,0.001260,0.008370,-0.155589,0.987786,0.000800,0.000000,-2.077100
32,True,True,-1.000000,1.000000,78.279999,-22.020000,18.330000,541.549988,-222.699997,8.150000,0.001335,0.008359,-0.164135,0.986402,0.000700,0.000000,-2.106200
33,True,True,-1.000000,1.000000,82.860001,-23.900000,18.330000,552.959961,-236.220001,8.160000,0.001411,0.008348,-0.172783,0.984924,0.000600,0.000000,-2.134200
34,True,True,-1.000000,1.000000,87.529999,-25.889999,18.330000,563.849976,-250.220001,8.160000,0.001486,0.008338,-0.181533,0.983348,0.000500,0.000000,-2.161000
35,True,True,-1.000000,1.000000,92.290001,-28.000000,18.330000,574.209961,-264.690002,8.160000,0.001562,0.008327,-0.190380,0.981674,0.000500,0.000000,-2.186500
36,True,True,-1.000000,1.000000,97.139999,-30.230000,18.330000,584.019958,-279.619995,8.160000,0.001637,0.008311,-0.199314,0.979899,0.000500,0.000000,-2.210700
37,True,True,-1.000000,1.000000,102.070000,-32.590000,18.330000,593.279968,-294.989990,8.160000,0.001718,0.008295,-0.208334,0.978021,0.000500,0.000000,-2.233500
38,True,True,-1.000000,1.000000,107.079994,-35.079998,18.330000,601.969971,-310.789978,8.160000,0.001799,0.008278,-0.217425,0.976040,0.000500,0.000000,-2.255000
39,True,True,-1.000000,1.000000,112.159996,-37.700001,18.330000,610.070007,-327.000000,8.170000,0.001880,0.008262,-0.226585,0.973954,0.000500,0.000000,-2.275100
40,True,True,-1.000000,1.000000,117.309998,-40.459999,18.330000,617.579956,-343.609985,8.170000,0.001961,0.008246,-0.235805,0.971763,0.000500,0.000000,-2.293800
41,True,True,-1.000000,1.000000,122.519997,-43.349998,18.330000,624.479980,-360.609985,8.170000,0.002042,0.008230,-0.245084,0.969465,0.000400,0.000000,-2.311200
42,True,True,-1.000000,1.000000,127.779999,-46.389999,18.330000,630.769958,-377.970001,8.170000,0.002123,0.008208,-0.254406,0.967060,0.000400,0.000000,-2.327300
43,True,True,-1.000000,1.000000,133.099991,-49.570000,18.330000,636.429993,-395.679993,8.170000,0.002204,0.008187,-0.263771,0.964548,0.000400,0.000000,-2.342000
44,True,True,-1.000000,1.000000,138.459991,-52.899998,18.330000,641.450012,-413.709991,8.170000,0.002285,0.008165,-0.273169,0.961929,0.000400,0.000000,-2.355400
45,True,True,-1.000000,1.000000,143.860001,-56.379997,18.330000,645.829956,-432.049988,8.170000,0.002366,0.008143,-0.282594,0.959202,0.000400,0.000000,-2.367500
46,True,True,-1.000000,1.000000,149.300003,-60.020000,18.330000,649.559998,-450.679993,8.170000,0.002447,0.008122,-0.292040,0.956368,0.000400,0.000000,-2.378400
47,True,True,-1.000000,1.000000,154.769989,-63.809998,18.330000,652.630005,-469.579987,8.170000,0.002527,0.008100,-0.301503,0.953427,0.000400,-0.000100,-2.388000
48,True,True,-1.000000,1.000000,160.259995,-67.760002,18.330000,655.039978,-488.720001,8.170000,0.002608,0.008073,-0.310976,0.950380,0.000400,-0.000200,-2.396400
49,True,True,-1.000000,1.000000,165.769989,-71.869995,18.330000,656.779968,-508.089996,8.170000,0.002689,0.008046,-0.320449,0.947228,0.000400,-0.000200,-2.403600
50,True,True,-1.000000,1.000000,171.300003,-76.150002,18.330000,657.849976,-527.659973,8.179999,0.002770,0.008019,-0.329917,0.943972,0.000400,-0.000200,-2.409700
51,True,True,-1.000000,1.000000,176.839996,-80.589996,18.330000,658.239990,-547.409973,8.179999,0.002851,0.007992,-0.339380,0.940611,0.000400,-0.000300,-2.414600
52,True,True,-1.000000,1.000000,182.379990,-85.199997,18.330000,657.959961,-567.320007,8.179999,0.002932,0.007965,-0.348826,0.937149,0.000400,-0.000300,-2.418400
53,True,True,-1.000000,1.000000,187.919998,-89.970001,18.330000,657.000000,-587.359985,8.179999,0.003013,0.007933,-0.358251,0.933587,0.000400,-0.000400,-2.421100
54,True,True,-1.000000,1.000000,193.449997,-94.909996,18.330000,655.369995,-607.510010,8.179999,0.003094,0.007901,-0.367649,0.929926,0.000400,-0.000400,-2.422800
55,True,True,-1.000000,1.000000,198.959991,-100.019997,18.330000,653.059998,-627.750000,8.179999,0.003175,0.007868,-0.377019,0.926166,0.000500,-0.000400,-2.423400
56,True,True,-1.000000,1.000000,204.449997,-105.299995,18.330000,650.079956,-648.059998,8.179999,0.003256,0.007836,-0.386353,0.922312,0.000500,-0.000400,-2.423100
57,True,True,-1.000000,1.000000,209.919998,-110.750000,18.330000,646.440002,-668.409973,8.179999,0.003337,0.007804,-0.395642,0.918365,0.000500,-0.000400,-2.421800
58,True,True,-1.000000,1.000000,215.349991,-116.369995,18.330000,642.130005,-688.779968,8.179999,0.003418,0.007771,-0.404889,0.914326,0.000500,-0.000400,-2.419500
59,True,True,-1.000000,1.000000,220.750000,-122.159996,18.330000,637.169983,-709.149963,8.179999,0.003499,0.007733,-0.414087,0.910198,0.000500,-0.000400,-2.416300
60,True,True,-1.000000,1.000000,226.110001,-128.119995,18.330000,631.559998,-729.489990,8.179999,0.003579,0.007696,-0.423231,0.905982,0.000500,-0.000400,-2.412200
61,True,True,-1.000000,1.000000,231.419998,-134.250000,18.330000,625.299988,-749.789978,8.179999,0.003660,0.007658,-0.432316,0.901682,0.000500,-0.000400,-2.407200
62,True,True,-1.000000,1.000000,236.669998,-140.550003,18.330000,618.409973,-770.019958,8.179999,0.003741,0.007620,-0.441336,0.897301,0.000500,-0.000300,-2.401400
63,True,True,-1.000000,1.000000,241.869995,-147.020004,18.330000,610.890015,-790.169983,8.179999,0.003822,0.007582,-0.450292,0.892841,0.000400,-0.000300,-2.394800
64,True,True,-1.000000,1.000000,247.000000,-153.660004,18.330000,602.709961,-810.229980,8.179999,0.003898,0.007545,-0.459177,0.888304,0.000300,-0.000200,-2.388600
65,True,True,-1.000000,1.000000,252.059998,-160.470001,18.330000,593.839966,-830.190002,8.179999,0.003973,0.007507,-0.467998,0.883689,0.000200,-0.000100,-2.383800
66,True,True,-1.000000,1.000000,257.049988,-167.449997,18.330000,584.299988,-850.019958,8.179999,0.004049,0.007469,-0.476753,0.878996,0.000200,-0.000100,-2.380000
67,True,True,-1.000000,1.000000,261.959991,-174.589996,18.330000,574.099976,-869.699951,8.179999,0.004124,0.007431,-0.485444,0.874226,0.000100,-0.000100,-2.377000
68,True,True,-1.000000,1.000000,266.779999,-181.899994,18.330000,563.269958,-889.209961,8.179999,0.004200,0.007388,-0.494082,0.869374,0.000000,-0.000100,-2.374700
69,True,True,-1.000000,1.000000,271.509979,-189.369995,18.330000,551.809998,-908.529968,8.179999,0.004275,0.007345,-0.502659,0.864443,0.000000,0.000000,-2.372900
70,True,True,-1.000000,1.000000,276.139984,-197.000000,18.330000,539.729980,-927.649963,8.179999,0.004346,0.007302,-0.511183,0.859430,0.000000,0.000000,-2.371400
71,True,True,-1.000000,1.000000,280.669983,-204.789993,18.330000,527.039978,-946.539978,8.179999,0.004416,0.007259,-0.519648,0.854338,0.000000,0.000000,-2.370200
72,True,True,-1.000000,1.000000,285.089996,-212.739990,18.330000,513.760010,-965.190002,8.179999,0.004486,0.007216,-0.528058,0.849166,0.000000,0.000000,-2.369200
73,True,True,-1.000000,1.000000,289.399994,-220.839996,18.330000,499.899994,-983.579956,8.179999,0.004556,0.007172,-0.536415,0.843912,0.000000,0.000000,-2.368400
74,True,True,-1.000000,1.000000,293.600006,-229.099991,18.330000,485.459991,-1001.690002,8.179999,0.004626,0.007129,-0.544717,0.838577,0.000000,0.000000,-2.367700
75,True,True,-1.000000,1.000000,297.669983,-237.509995,18.330000,470.449982,-1019.509949,8.179999,0.004696,0.007081,-0.552966,0.833160,0.000000,0.000000,-2.367000
76,True,True,-1.000000,1.000000,301.619995,-246.069992,18.330000,454.880005,-1037.030029,8.179999,0.004766,0.007032,-0.561155,0.827667,0.000000,0.000000,-2.366300
77,True,True,-1.000000,1.000000,305.440002,-254.779999,18.330000,438.769989,-1054.219971,8.179999,0.004836,0.006984,-0.569291,0.822092,0.000000,0.000000,-2.365500
78,True,True,-1.000000,1.000000,309.119995,-263.630005,18.330000,422.119995,-1071.079956,8.179999,0.004907,0.006935,-0.577367,0.816441,0.000000,0.000000,-2.364600
79,True,True,-1.000000,1.000000,312.660004,-272.619995,18.330000,404.940002,-1087.589966,8.179999,0.004977,0.006886,-0.585384,0.810712,0.000000,0.000000,-2.363600
80,True,True,-1.000000,1.000000,316.059998,-281.750000,18.330000,387.239990,-1103.739990,8.179999,0.005047,0.006838,-0.593341,0.804906,0.000000,0.000000,-2.362500
81,True,True,-1.000000,1.000000,319.309998,-291.009979,18.330000,369.029999,-1119.510010,8.179999,0.005112,0.006789,-0.601233,0.799028,0.000000,0.000000,-2.361300
82,True,True,-1.000000,1.000000,322.399994,-300.410004,18.330000,350.329987,-1134.890015,8.179999,0.005176,0.006741,-0.609067,0.793073,0.000000,0.000000,-2.359900
83,True,True,-1.000000,1.000000,325.339996,-309.929993,18.330000,331.149994,-1149.869995,8.179999,0.005241,0.006692,-0.616835,0.787046,0.000000,0.000000,-2.358300
84,True,True,-1.000000,1.000000,328.119995,-319.579987,18.330000,311.500000,-1164.439941,8.179999,0.005306,0.006638,-0.624539,0.780947,0.000000,0.000000,-2.356600
85,True,True,-1.000000,1.000000,330.729980,-329.350006,18.330000,291.389984,-1178.579956,8.179999,0.005371,0.006584,-0.632178,0.774776,0.000100,0.000000,-2.354700
86,True,True,-1.000000,1.000000,333.169983,-339.239990,18.330000,270.829987,-1192.280029,8.179999,0.005435,0.006530,-0.639747,0.768538,0.000100,0.000000,-2.352600
87,True,True,-1.000000,1.000000,335.440002,-349.239990,18.330000,249.839996,-1205.530029,8.179999,0.005500,0.006476,-0.647251,0.762229,0.000200,0.000000,-2.350300
88,True,True,-1.000000,1.000000,337.529999,-359.350006,18.330000,228.429993,-1218.319946,8.179999,0.005565,0.006423,-0.654685,0.755854,0.000200,0.000000,-2.347800
89,True,True,-1.000000,1.000000,339.440002,-369.569977,18.330000,206.619995,-1230.640015,8.179999,0.005629,0.006369,-0.662049,0.749412,0.000200,0.000000,-2.345100
90,True,True,-1.000000,1.000000,341.169983,-379.889984,18.330000,184.419998,-1242.479980,8.179999,0.005694,0.006315,-0.669338,0.742910,0.000200,0.000000,-2.342200
91,True,True,-1.000000,1.000000,342.709991,-390.309998,18.330000,161.839996,-1253.829956,8.179999,0.005754,0.006261,-0.676556,0.736342,0.000200,0.000000,-2.339200
92,True,True,-1.000000,1.000000,344.059998,-400.829987,18.330000,138.899994,-1264.689941,8.179999,0.005813,0.006207,-0.683699,0.729715,0.000200,0.000000,-2.336000
93,True,True,-1.000000,1.000000,345.220001,-411.440002,18.330000,115.610001,-1275.039917,8.179999,0.005872,0.006153,-0.690771,0.723023,0.000200,0.000000,-2.332600
94,True,True,-1.000000,1.000000,346.190002,-422.130005,18.330000,91.989998,-1284.880005,8.179999,0.005932,0.006093,-0.697768,0.716273,0.000200,-0.000100,-2.329000
95,True,True,-1.000000,1.000000,346.959991,-432.910004,18.330000,68.049995,-1294.189941,8.179999,0.005991,0.006034,-0.704684,0.709470,0.000200,-0.000100,-2.325200
96,True,True,-1.000000,1.000000,347.529999,-443.759979,18.330000,43.809998,-1302.979980,8.179999,-0.006050,-0.005975,0.711527,-0.702607,0.000200,-0.000100,-2.321200
97,True,True,-1.000000,1.000000,347.889984,-454.690002,18.330000,19.279999,-1311.229980,8.179999,-0.006110,-0.005915,0.718290,-0.695691,0.000200,-0.000100,-2.317000
98,True,True,-1.000000,1.000000,348.049988,-465.690002,18.330000,-5.510000,-1318.939941,8.179999,-0.006169,-0.005856,0.724971,-0.688726,0.000200,-0.000100,-2.312600
99,True,True,-1.000000,1.000000,348.000000,-476.750000,18.330000,-30.559999,-1326.099976,8.179999,-0.006228,-0.005797,0.731575,-0.681708,0.000200,-0.000100,-2.308000
100,True,True,-1.000000,1.000000,347.739990,-487.869995,18.330000,-55.849998,-1332.709961,8.179999,-0.006282,-0.005737,0.738097,-0.674641,0.000200,0.000000,-2.303300
101,True,True,-1.000000,1.000000,347.269989,-499.039978,18.330000,-81.360001,-1338.770020,8.179999,-0.006336,-0.005678,0.744539,-0.667525,0.000200,0.000000,-2.298400
102,True,True,-1.000000,1.000000,346.579987,-510.259979,18.330000,-107.079994,-1344.270020,8.179999,-0.006390,-0.005619,0.750896,-0.660366,0.000200,0.000000,-2.293300
103,True,True,-1.000000,1.000000,345.679993,-521.529968,18.330000,-132.989990,-1349.199951,8.179999,-0.006444,-0.005559,0.757173,-0.653159,0.000200,0.000000,-2.288100
104,True,True,-1.000000,1.000000,344.559998,-532.839966,18.330000,-159.080002,-1353.569946,8.179999,-0.006498,-0.005500,0.763368,-0.645908,0.000200,-0.000100,-2.282700
105,True,True,-1.000000,1.000000,343.220001,-544.190002,18.330000,-185.330002,-1357.369995,8.179999,-0.006552,-0.005441,0.769475,-0.638620,0.000100,-0.000100,-2.277200
106,True,True,-1.000000,1.000000,341.660004,-555.570007,18.330000,-211.729996,-1360.599976,8.179999,-0.006606,-0.005376,0.775502,-0.631288,0.000000,-0.000100,-2.271500
107,True,True,-1.000000,1.000000,339.880005,-566.979980,18.330000,-238.250000,-1363.260010,8.179999,-0.006655,-0.005311,0.781443,-0.623919,0.000000,-0.000100,-2.265700
108,True,True,-1.000000,1.000000,337.880005,-578.409973,18.330000,-264.889984,-1365.349976,8.179999,-0.006703,-0.005246,0.787300,-0.616512,0.000000,-0.000100,-2.259700
109,True,True,-1.000000,1.000000,335.660004,-589.849976,18.330000,-291.630005,-1366.869995,8.179999,-0.006752,-0.005182,0.793069,-0.609072,0.000000,-0.000100,-2.253600
110,True,True,-1.000000,1.000000,333.209991,-601.309998,18.330000,-318.350006,-1367.539917,8.179999,-0.006800,-0.005117,0.798752,-0.601600,0.000100,-0.000100,-2.246900
111,True,True,-1.000000,1.000000,330.539978,-612.769958,18.330000,-344.850006,-1366.890015,8.179999,-0.006849,-0.005052,0.804349,-0.594096,0.000200,-0.000200,-2.239000
112,True,True,-1.000000,1.000000,327.649994,-624.229980,18.330000,-371.350006,-1365.569946,8.179999,-0.006897,-0.004988,0.809857,-0.586565,0.000300,-0.000200,-2.231200
113,True,True,-1.000000,1.000000,324.529999,-635.679993,18.330000,-397.889984,-1363.739990,8.179999,-0.006946,-0.004923,0.815274,-0.579012,0.000400,-0.000200,-2.223700
114,True,True,-1.000000,1.000000,321.190002,-647.109985,18.330000,-424.459991,-1361.400024,8.179999,-0.006994,-0.004858,0.820605,-0.571432,0.000400,-0.000200,-2.216400
115,True,True,-1.000000,1.000000,317.630005,-658.519958,18.330000,-451.029999,-1358.559937,8.179999,-0.007043,-0.004793,0.825846,-0.563831,0.000400,-0.000100,-2.209300
116,True,True,-1.000000,1.000000,313.850006,-669.909973,18.330000,-477.589996,-1355.219971,8.179999,-0.007086,-0.004729,0.831003,-0.556203,0.000400,0.000000,-2.202400
117,True,True,-1.000000,1.000000,309.839996,-681.269958,18.330000,-504.129974,-1351.380005,8.179999,-0.007129,-0.004664,0.836072,-0.548553,0.000400,0.000000,-2.195600
118,True,True,-1.000000,1.000000,305.609985,-692.589966,18.330000,-530.630005,-1347.039917,8.179999,-0.007172,-0.004599,0.841055,-0.540882,0.000400,0.000000,-2.188800
119,True,True,-1.000000,1.000000,301.160004,-703.880005,18.330000,-557.080017,-1342.209961,8.179999,-0.007216,-0.004534,0.845953,-0.533189,0.000400,0.000000,-2.182100
120,True,True,-1.000000,1.000000,296.489990,-715.130005,18.330000,-583.469971,-1336.890015,8.179999,-0.007259,-0.004470,0.850767,-0.525474,0.000300,0.000000,-2.175400
121,True,True,-1.000000,1.000000,291.600006,-726.329956,18.330000,-609.789978,-1331.089966,8.179999,-0.007302,-0.004405,0.855493,-0.517743,0.000300,0.000000,-2.168700
122,True,True,-1.000000,1.000000,286.489990,-737.479980,18.330000,-636.029968,-1324.809937,8.179999,-0.007340,-0.004340,0.860137,-0.509991,0.000200,0.000000,-2.162000
123,True,True,-1.000000,1.000000,281.160004,-748.579956,18.330000,-662.179993,-1318.049927,8.179999,-0.007377,-0.004275,0.864696,-0.502222,0.000200,0.000000,-2.155300
124,True,True,-1.000000,1.000000,275.609985,-759.619995,18.330000,-688.229980,-1310.819946,8.179999,-0.007415,-0.004211,0.869171,-0.494438,0.000100,0.000000,-2.148500
125,True,True,-1.000000,1.000000,269.839996,-770.599976,18.330000,-714.169983,-1303.119995,8.179999,-0.007453,-0.004146,0.873563,-0.486637,0.000100,0.000000,-2.141700
126,True,True,-1.000000,1.000000,263.850006,-781.519958,18.330000,-739.989990,-1294.949951,8.179999,-0.007491,-0.004081,0.877872,-0.478820,0.000000,0.000000,-2.134800
127,True,True,-1.000000,1.000000,257.649994,-792.369995,18.330000,-765.679993,-1286.319946,8.179999,-0.007528,-0.004016,0.882096,-0.470992,0.000000,0.000000,-2.127800
128,True,True,-1.000000,1.000000,251.229996,-803.149963,18.330000,-791.239990,-1277.229980,8.179999,-0.007566,-0.003952,0.886237,-0.463153,0.000000,0.000000,-2.121000
129,True,True,-1.000000,1.000000,244.599991,-813.849976,18.330000,-816.669983,-1267.659912,8.179999,-0.007599,-0.003887,0.890295,-0.455304,0.000000,0.000000,-2.115000
130,True,True,-1.000000,1.000000,237.750000,-824.469971,18.330000,-841.969971,-1257.609985,8.179999,-0.007631,-0.003822,0.894274,-0.447438,0.000000,0.000000,-2.109700
131,True,True,-1.000000,1.000000,230.690002,-835.010010,18.330000,-867.119995,-1247.099976,8.179999,-0.007663,-0.003757,0.898172,-0.439562,0.000000,0.000000,-2.104900
132,True,True,-1.000000,1.000000,223.419998,-845.459961,18.330000,-892.119995,-1236.119995,8.179999,-0.007696,-0.003693,0.901992,-0.431669,-0.000100,-0.000100,-2.100600
133,True,True,-1.000000,1.000000,215.940002,-855.809998,18.330000,-916.949951,-1224.679932,8.179999,-0.007728,-0.003623,0.905734,-0.423760,-0.000100,-0.000100,-2.096700
134,True,True,-1.000000,1.000000,208.250000,-866.070007,18.330000,-941.609985,-1212.789917,8.179999,-0.007760,-0.003552,0.909402,-0.415830,-0.000100,-0.000100,-2.093200
135,True,True,-1.000000,1.000000,200.360001,-876.229980,18.330000,-966.089966,-1200.439941,8.179999,-0.007793,-0.003482,0.912994,-0.407883,-0.000100,-0.000100,-2.090000
136,True,True,-1.000000,1.000000,192.259995,-886.279968,18.330000,-990.389954,-1187.640015,8.179999,-0.007825,-0.003412,0.916512,-0.399915,-0.000100,0.000000,-2.087000
137,True,True,-1.000000,1.000000,183.959991,-896.229980,18.330000,-1014.500000,-1174.390015,8.179999,-0.007852,-0.003342,0.919955,-0.391931,-0.000100,0.000000,-2.084300
138,True,True,-1.000000,1.000000,175.459991,-906.070007,18.330000,-1038.410034,-1160.689941,8.179999,-0.007879,-0.003272,0.923325,-0.383925,0.000000,0.000000,-2.081700
139,True,True,-1.000000,1.000000,166.759995,-915.789978,18.330000,-1062.109985,-1146.539917,8.179999,-0.007906,-0.003202,0.926620,-0.375903,0.000000,0.000000,-2.079300
140,True,True,-1.000000,1.000000,157.860001,-925.389954,18.330000,-1085.599976,-1131.949951,8.179999,-0.007933,-0.003132,0.929842,-0.367859,0.000000,0.000000,-2.077000
141,True,True,-1.000000,1.000000,148.759995,-934.869995,18.330000,-1108.869995,-1116.919922,8.179999,-0.007960,-0.003062,0.932991,-0.359799,0.000000,0.000000,-2.074900
142,True,True,-1.000000,1.000000,139.470001,-944.219971,18.330000,-1131.919922,-1101.449951,8.179999,-0.007987,-0.002991,0.936067,-0.351718,0.000000,0.000000,-2.072800
143,True,True,-1.000000,1.000000,129.989990,-953.440002,18.330000,-1154.729980,-1085.539917,8.179999,-0.008014,-0.002921,0.939070,-0.343620,0.000000,0.000000,-2.070800
144,True,True,-1.000000,1.000000,120.309998,-962.529968,18.330000,-1177.299927,-1069.199951,8.179999,-0.008041,-0.002851,0.941999,-0.335506,0.000100,0.000000,-2.068900
145,True,True,-1.000000,1.000000,110.449997,-971.479980,18.330000,-1199.630005,-1052.429932,8.179999,-0.008068,-0.002781,0.944857,-0.327371,0.000100,0.000000,-2.067000
146,True,True,-1.000000,1.000000,100.400002,-980.289978,18.330000,-1221.699951,-1035.229980,8.179999,-0.008090,-0.002711,0.947642,-0.319219,0.000100,0.000000,-2.065200
147,True,True,-1.000000,1.000000,90.159996,-988.959961,18.330000,-1243.510010,-1017.599976,8.179999,-0.008111,-0.002641,0.950355,-0.311052,0.000100,0.000000,-2.063400
148,True,True,-1.000000,1.000000,79.739998,-997.479980,18.330000,-1265.049927,-999.549988,8.179999,-0.008133,-0.002571,0.952994,-0.302868,0.000100,0.000000,-2.061600
149,True,True,-1.000000,1.000000,69.139999,-1005.849976,18.330000,-1286.319946,-981.079956,8.179999,-0.008154,-0.002500,0.955560,-0.294673,0.000200,0.000000,-2.059800
150,True,True,-1.000000,1.000000,58.359997,-1014.059998,18.330000,-1307.299927,-962.199951,8.179999,-0.008176,-0.002430,0.958053,-0.286462,0.000200,0.000000,-2.058000
151,True,True,-1.000000,1.000000,47.410000,-1022.119995,18.330000,-1327.989990,-942.909973,8.179999,-0.008197,-0.002360,0.960475,-0.278235,0.000200,0.000000,-2.056200
152,True,True,-1.000000,1.000000,36.290001,-1030.010010,18.330000,-1348.390015,-923.219971,8.179999,-0.008219,-0.002290,0.962823,-0.269997,0.000200,0.000000,-2.054400
153,True,True,-1.000000,1.000000,24.990000,-1037.739990,18.330000,-1368.479980,-903.130005,8.179999,-0.008241,-0.002220,0.965100,-0.261743,0.000200,0.000000,-2.052600
154,True,True,-1.000000,1.000000,13.530000,-1045.299927,18.330000,-1388.260010,-882.639954,8.179999,-0.008257,-0.002150,0.967303,-0.253478,0.000200,0.000000,-2.050800
155,True,True,-1.000000,1.000000,1.900000,-1052.689941,18.330000,-1407.719971,-861.760010,8.179999,-0.008273,-0.002080,0.969434,-0.245203,0.000200,0.000000,-2.049000
156,True,True,-1.000000,1.000000,-9.889999,-1059.900024,18.330000,-1426.849976,-840.489990,8.179999,-0.008289,-0.002010,0.971493,-0.236916,0.000200,0.000000,-2.047200
157,True,True,-1.000000,1.000000,-21.840000,-1066.939941,18.330000,-1445.650024,-818.839966,8.179999,-0.008305,-0.001939,0.973479,-0.228619,0.000200,0.000000,-2.045300
158,True,True,-1.000000,1.000000,-33.950001,-1073.789917,18.330000,-1464.109985,-796.820007,8.179999,-0.008322,-0.001869,0.975391,-0.220316,0.000200,0.000000,-2.043400
159,True,True,-1.000000,1.000000,-46.209999,-1080.459961,18.330000,-1482.219971,-774.429993,8.179999,-0.008338,-0.001799,0.977232,-0.212003,0.000200,0.000000,-2.041400
160,True,True,-1.000000,1.000000,-58.619999,-1086.939941,18.330000,-1499.969971,-751.679993,8.179999,-0.008354,-0.001729,0.978999,-0.203684,0.000200,0.000000,-2.039400
161,True,True,-1.000000,1.000000,-71.180000,-1093.229980,18.330000,-1517.359985,-728.570007,8.179999,-0.008370,-0.001659,0.980694,-0.195360,0.000200,0.000000,-2.037400
162,True,True,-1.000000,1.000000,-83.889999,-1099.329956,18.330000,-1534.380005,-705.109985,8.179999,-0.008386,-0.001589,0.982317,-0.187030,0.000100,0.000000,-2.035300
163,True,True,-1.000000,1.000000,-96.739998,-1105.229980,18.330000,-1551.029907,-681.309998,8.179999,-0.008397,-0.001519,0.983867,-0.178695,0.000100,0.000000,-2.033200
164,True,True,-1.000000,1.000000,-109.729996,-1110.929932,18.330000,-1567.299927,-657.169983,8.179999,-0.008408,-0.001449,0.985346,-0.170355,0.000100,0.000000,-2.031000
165,True,True,-1.000000,1.000000,-122.860001,-1116.429932,18.330000,-1583.179932,-632.700012,8.179999,-0.008419,-0.001378,0.986752,-0.162009,0.000000,0.000000,-2.028800
166,True,True,-1.000000,1.000000,-136.119995,-1121.719971,18.330000,-1598.659912,-607.909973,8.179999,-0.008429,-0.001308,0.988086,-0.153663,0.000000,0.000000,-2.026500
167,True,True,-1.000000,1.000000,-149.509995,-1126.809937,18.330000,-1613.739990,-582.809998,8.179999,-0.008440,-0.001238,0.989349,-0.145312,0.000000,0.000000,-2.024200
168,True,True,-1.000000,1.000000,-163.019989,-1131.689941,18.330000,-1628.419922,-557.399963,8.179999,-0.008451,-0.001168,0.990540,-0.136961,0.000000,0.000000,-2.021800
169,True,True,-1.000000,1.000000,-176.660004,-1136.349976,18.330000,-1642.689941,-531.679993,8.179999,-0.008462,-0.001098,0.991659,-0.128610,0.000000,0.000000,-2.019400
170,True,True,-1.000000,1.000000,-190.419998,-1140.799927,18.330000,-1656.539917,-505.669983,8.179999,-0.008473,-0.001028,0.992706,-0.120259,0.000000,0.000000,-2.016900
171,True,True,-1.000000,1.000000,-204.289993,-1145.030029,18.330000,-1669.969971,-479.369995,8.179999,-0.008483,-0.000958,0.993681,-0.111913,0.000000,0.000000,-2.014300
172,True,True,-1.000000,1.000000,-218.269989,-1149.039917,18.330000,-1682.969971,-452.799988,8.179999,-0.008489,-0.000887,0.994586,-0.103567,0.000000,0.000000,-2.011700
173,True,True,-1.000000,1.000000,-232.360001,-1152.829956,18.330000,-1695.529907,-425.959991,8.179999,-0.008494,-0.000817,0.995419,-0.095227,0.000000,0.000000,-2.009000
174,True,True,-1.000000,1.000000,-246.559998,-1156.390015,18.330000,-1707.659912,-398.850006,8.179999,-0.008500,-0.000747,0.996181,-0.086892,0.000000,0.000000,-2.006500
175,True,True,-1.000000,1.000000,-260.859985,-1159.729980,18.330000,-1719.339966,-371.459991,8.179999,-0.008505,-0.000677,0.996873,-0.078562,0.000000,0.000000,-2.004500
176,True,True,-1.000000,1.000000,-275.259979,-1162.839966,18.330000,-1730.569946,-343.809998,8.179999,-0.008510,-0.000607,0.997494,-0.070232,-0.000100,0.000000,-2.003000
177,True,True,-1.000000,1.000000,-289.750000,-1165.709961,18.330000,-1741.349976,-315.899994,8.179999,-0.008516,-0.000537,0.998046,-0.061903,-0.000100,0.000000,-2.001900
178,True,True,-1.000000,1.000000,-304.329987,-1168.349976,18.330000,-1751.669922,-287.739990,8.179999,-0.008521,-0.000467,0.998527,-0.053573,-0.000100,0.000000,-2.001100
179,True,True,-1.000000,1.000000,-319.000000,-1170.760010,18.330000,-1761.520020,-259.339996,8.179999,-0.008527,-0.000397,0.998939,-0.045244,-0.000100,0.000000,-2.000600
180,True,True,-1.000000,1.000000,-333.750000,-1172.929932,18.330000,-1770.899902,-230.699997,8.179999,-0.008532,-0.000326,0.999282,-0.036914,-0.000100,0.000000,-2.000400
181,True,True,-1.000000,1.000000,-348.579987,-1174.859985,18.330000,-1779.809937,-201.830002,8.179999,-0.008532,-0.000256,0.999555,-0.028584,-0.000200,0.000000,-2.000400
182,True,True,-1.000000,1.000000,-363.479980,-1176.549927,18.330000,-1788.239990,-172.739990,8.179999,-0.008532,-0.000186,0.999758,-0.020255,-0.000200,0.000000,-2.000600
183,True,True,-1.000000,1.000000,-378.449982,-1177.989990,18.330000,-1796.179932,-143.440002,8.179999,-0.008532,-0.000116,0.999893,-0.011920,-0.000200,0.000000,-2.000900
184,True,True,-1.000000,1.000000,-393.489990,-1179.189941,18.330000,-1803.640015,-113.930000,8.179999,-0.008532,-0.000046,0.999957,-0.003585,-0.000200,0.000000,-2.001400
185,True,True,-1.000000,1.000000,-408.589996,-1180.140015,18.330000,-1810.599976,-84.209999,8.179999,-0.008532,0.000024,0.999952,0.004756,-0.000300,0.000000,-2.002000
186,True,True,-1.000000,1.000000,-423.750000,-1180.839966,18.330000,-1817.059937,-54.299999,8.179999,-0.008532,0.000094,0.999878,0.013096,-0.000300,0.000000,-2.002700
187,True,True,-1.000000,1.000000,-438.959991,-1181.289917,18.330000,-1823.020020,-24.189999,8.179999,-0.008532,0.000165,0.999734,0.021436,-0.000300,0.000000,-2.003500
188,True,True,-1.000000,1.000000,-454.220001,-1181.489990,18.330000,-1828.469971,6.090000,8.179999,-0.008532,0.000235,0.999520,0.029782,-0.000300,0.000000,-2.004400
189,True,True,-1.000000,1.000000,-469.529999,-1181.439941,18.330000,-1833.399902,36.549999,8.179999,-0.008532,0.000305,0.999236,0.038128,-0.000400,0.000000,-2.005400
190,True,True,-1.000000,1.000000,-484.879974,-1181.130005,18.330000,-1837.819946,67.180000,8.179999,-0.008527,0.000380,0.998883,0.046474,-0.000400,0.000000,-2.006400
191,True,True,-1.000000,1.000000,-500.259979,-1180.559937,18.330000,-1841.709961,97.970001,8.179999,-0.008521,0.000456,0.998459,0.054825,-0.000400,0.000000,-2.007400
192,True,True,-1.000000,1.000000,-515.679993,-1179.739990,18.330000,-1845.069946,128.910004,8.179999,-0.008516,0.000531,0.997966,0.063176,-0.000300,0.000000,-2.008500
193,True,True,-1.000000,1.000000,-531.119995,-1178.660034,18.330000,-1847.899902,160.000000,8.179999,-0.008510,0.000602,0.997402,0.071527,-0.000200,0.000000,-2.009600
194,True,True,-1.000000,1.000000,-546.589966,-1177.319946,18.330000,-1850.189941,191.229996,8.179999,-0.008505,0.000672,0.996768,0.079878,-0.000200,0.000000,-2.010800
195,True,True,-1.000000,1.000000,-562.080017,-1175.719971,18.330000,-1851.939941,222.589996,8.179999,-0.008500,0.000742,0.996064,0.088224,-0.000200,0.000000,-2.012000
196,True,True,-1.000000,1.000000,-577.580017,-1173.849976,18.330000,-1853.149902,254.080002,8.179999,-0.008494,0.000812,0.995290,0.096570,-0.000200,0.000000,-2.013200
197,True,True,-1.000000,1.000000,-593.089966,-1171.719971,18.330000,-1853.809937,285.679993,8.179999,-0.008489,0.000882,0.994444,0.104916,-0.000200,0.000000,-2.014400
198,True,True,-1.000000,1.000000,-608.609985,-1169.319946,18.330000,-1853.909912,317.380005,8.179999,-0.008483,0.000952,0.993529,0.113256,-0.000200,0.000000,-2.015600
199,True,True,-1.000000,1.000000,-624.130005,-1166.660034,18.330000,-1853.449951,349.179993,8.179999,-0.008473,0.001022,0.992543,0.121596,-0.000200,0.000000,-2.016800
200,True,True,-1.000000,1.000000,-639.640015,-1163.729980,18.330000,-1852.429932,381.059998,8.179999,-0.008462,0.001092,0.991486,0.129931,-0.000200,0.000000,-2.018000
201,True,True,-1.000000,1.000000,-655.140015,-1160.539917,18.330000,-1850.849976,413.019989,8.179999,-0.008451,0.001163,0.990359,0.138261,-0.000300,0.000000,-2.019200
202,True,True,-1.000000,1.000000,-670.630005,-1157.079956,18.330000,-1848.699951,445.049988,8.179999,-0.008440,0.001233,0.989160,0.146591,-0.000300,0.000000,-2.020400
203,True,True,-1.000000,1.000000,-686.099976,-1153.349976,18.330000,-1845.979980,477.129974,8.179999,-0.008429,0.001303,0.987891,0.154915,-0.000300,0.000000,-2.021600
204,True,True,-1.000000,1.000000,-701.549988,-1149.349976,18.330000,-1842.689941,509.259979,8.179999,-0.008419,0.001373,0.986551,0.163228,-0.000400,0.000000,-2.022800
205,True,True,-1.000000,1.000000,-716.969971,-1145.079956,18.330000,-1838.819946,541.429993,8.179999,-0.008408,0.001443,0.985141,0.171536,-0.000400,0.000000,-2.024000
206,True,True,-1.000000,1.000000,-732.359985,-1140.539917,18.330000,-1834.369995,573.619995,8.179999,-0.008397,0.001513,0.983659,0.179839,-0.000400,0.000000,-2.025200
207,True,True,-1.000000,1.000000,-747.709961,-1135.739990,18.330000,-1829.339966,605.829956,8.179999,-0.008386,0.001583,0.982107,0.188131,-0.000400,0.000000,-2.026400
208,True,True,-1.000000,1.000000,-763.019958,-1130.669922,18.330000,-1823.729980,638.039978,8.179999,-0.008375,0.001654,0.980483,0.196417,-0.000400,0.000000,-2.027600
209,True,True,-1.000000,1.000000,-778.279968,-1125.329956,18.330000,-1817.529907,670.250000,8.179999,-0.008359,0.001724,0.978789,0.204693,-0.000400,0.000100,-2.028700
210,True,True,-1.000000,1.000000,-793.489990,-1119.719971,18.330000,-1810.739990,702.440002,8.179999,-0.008343,0.001794,0.977024,0.212958,-0.000500,0.000100,-2.029800
211,True,True,-1.000000,1.000000,-808.639954,-1113.839966,18.330000,-1803.369995,734.609985,8.179999,-0.008327,0.001864,0.975188,0.221212,-0.000500,0.000100,-2.030900
212,True,True,-1.000000,1.000000,-823.729980,-1107.689941,18.330000,-1795.409912,766.739990,8.179999,-0.008311,0.001934,0.973282,0.229455,-0.000500,0.000100,-2.032000
213,True,True,-1.000000,1.000000,-838.750000,-1101.270020,18.330000,-1786.859985,798.820007,8.179999,-0.008295,0.002004,0.971304,0.237688,-0.000500,0.000100,-2.033100
214,True,True,-1.000000,1.000000,-853.699951,-1094.579956,18.330000,-1777.709961,830.839966,8.179999,-0.008278,0.002074,0.969255,0.245909,-0.000500,0.000100,-2.034100
215,True,True,-1.000000,1.000000,-868.570007,-1087.619995,18.330000,-1767.969971,862.789978,8.179999,-0.008262,0.002144,0.967136,0.254115,-0.000500,0.000100,-2.035100
216,True,True,-1.000000,1.000000,-883.359985,-1080.400024,18.330000,-1757.640015,894.659973,8.179999,-0.008246,0.002215,0.964947,0.262304,-0.000500,0.000200,-2.036100
217,True,True,-1.000000,1.000000,-898.070007,-1072.910034,18.330000,-1746.719971,926.429993,8.179999,-0.008224,0.002285,0.962687,0.270483,-0.000500,0.000300,-2.037100
218,True,True,-1.000000,1.000000,-912.679993,-1065.150024,18.330000,-1735.209961,958.099976,8.179999,-0.008203,0.002355,0.960356,0.278645,-0.000500,0.000300,-2.038100
219,True,True,-1.000000,1.000000,-927.199951,-1057.130005,18.330000,-1723.099976,989.649963,8.179999,-0.008181,0.002425,0.957955,0.286791,-0.000500,0.000300,-2.039000
220,True,True,-1.000000,1.000000,-941.619995,-1048.839966,18.330000,-1710.399902,1021.070007,8.179999,-0.008160,0.002495,0.955483,0.294921,-0.000500,0.000300,-2.039900
221,True,True,-1.000000,1.000000,-955.929993,-1040.289917,18.330000,-1697.109985,1052.359985,8.179999,-0.008138,0.002565,0.952943,0.303030,-0.000500,0.000300,-2.040800
222,True,True,-1.000000,1.000000,-970.130005,-1031.479980,18.330000,-1683.229980,1083.489990,8.179999,-0.008117,0.002635,0.950332,0.311122,-0.000500,0.000300,-2.041700
223,True,True,-1.000000,1.000000,-984.209961,-1022.409973,18.330000,-1668.760010,1114.459961,8.179999,-0.008095,0.002706,0.947651,0.319192,-0.000500,0.000300,-2.042500
224,True,True,-1.000000,1.000000,-998.169983,-1013.079956,18.330000,-1653.709961,1145.260010,8.179999,-0.008073,0.002776,0.944900,0.327247,-0.000400,0.000300,-2.043300
225,True,True,-1.000000,1.000000,-1012.009949,-1003.489990,18.330000,-1638.079956,1175.869995,8.179999,-0.008046,0.002846,0.942080,0.335280,-0.000400,0.000300,-2.044100
226,True,True,-1.000000,1.000000,-1025.709961,-993.649963,18.330000,-1621.859985,1206.289917,8.179999,-0.008019,0.002916,0.939190,0.343291,-0.000300,0.000300,-2.044900
227,True,True,-1.000000,1.000000,-1039.280029,-983.549988,18.330000,-1605.059937,1236.500000,8.179999,-0.007992,0.002986,0.936231,0.351281,-0.000300,0.000200,-2.045700
228,True,True,-1.000000,1.000000,-1052.709961,-973.199951,18.330000,-1587.689941,1266.489990,8.179999,-0.007965,0.003056,0.933203,0.359249,-0.000300,0.000100,-2.046400
229,True,True,-1.000000,1.000000,-1065.989990,-962.599976,18.330000,-1569.739990,1296.250000,8.179999,-0.007938,0.003126,0.930105,0.367195,-0.000200,0.000100,-2.047100
230,True,True,-1.000000,1.000000,-1079.119995,-951.750000,18.330000,-1551.219971,1325.770020,8.179999,-0.007911,0.003196,0.926939,0.375115,-0.000100,0.000000,-2.047800
231,True,True,-1.000000,1.000000,-1092.099976,-940.649963,18.330000,-1532.130005,1355.039917,8.179999,-0.007885,0.003267,0.923703,0.383013,-0.000100,0.000000,-2.048400
232,True,True,-1.000000,1.000000,-1104.919922,-929.309998,18.330000,-1512.469971,1384.039917,8.179999,-0.007858,0.003337,0.920400,0.390884,0.000000,0.000000,-2.049000
233,True,True,-1.000000,1.000000,-1117.569946,-917.729980,18.330000,-1492.250000,1412.770020,8.179999,-0.007831,0.003401,0.917029,0.398728,0.000000,0.000000,-2.049600
234,True,True,-1.000000,1.000000,-1130.049927,-905.909973,18.330000,-1471.479980,1441.209961,8.179999,-0.007804,0.003466,0.913591,0.406545,0.000000,0.000000,-2.050200
235,True,True,-1.000000,1.000000,-1142.359985,-893.849976,18.330000,-1450.150024,1469.349976,8.179999,-0.007771,0.003531,0.910084,0.414335,0.000000,0.000000,-2.050800
236,True,True,-1.000000,1.000000,-1154.489990,-881.549988,18.330000,-1428.270020,1497.179932,8.179999,-0.007739,0.003596,0.906510,0.422099,0.000000,0.000000,-2.051300
237,True,True,-1.000000,1.000000,-1166.439941,-869.019958,18.330000,-1405.849976,1524.689941,8.179999,-0.007706,0.003660,0.902870,0.429829,0.000000,0.000000,-2.051800
238,True,True,-1.000000,1.000000,-1178.199951,-856.260010,18.330000,-1382.890015,1551.869995,8.179999,-0.007674,0.003725,0.899162,0.437533,0.000000,0.000000,-2.052300
239,True,True,-1.000000,1.000000,-1189.770020,-843.269958,18.330000,-1359.400024,1578.709961,8.179999,-0.007642,0.003790,0.895388,0.445205,0.000000,0.000000,-2.052700
240,True,True,-1.000000,1.000000,-1201.140015,-830.059998,18.330000,-1335.380005,1605.199951,8.179999,-0.007609,0.003855,0.891546,0.452849,0.000000,0.000000,-2.053100
241,True,True,-1.000000,1.000000,-1212.309937,-816.630005,18.330000,-1310.839966,1631.319946,8.179999,-0.007577,0.003919,0.887639,0.460461,0.000000,0.000000,-2.053500
242,True,True,-1.000000,1.000000,-1223.270020,-802.979980,18.330000,-1285.780029,1657.069946,8.179999,-0.007545,0.003984,0.883666,0.468041,0.000000,0.000000,-2.053900
243,True,True,-1.000000,1.000000,-1234.020020,-789.109985,18.330000,-1260.199951,1682.439941,8.179999,-0.007512,0.004049,0.879627,0.475588,0.000000,0.000000,-2.054300
244,True,True,-1.000000,1.000000,-1244.559937,-775.029968,18.330000,-1234.119995,1707.409912,8.179999,-0.007480,0.004114,0.875525,0.483098,0.000000,0.000100,-2.054600
245,True,True,-1.000000,1.000000,-1254.880005,-760.739990,18.330000,-1207.539917,1731.979980,8.179999,-0.007442,0.004178,0.871357,0.490575,0.000000,0.000100,-2.054900
246,True,True,-1.000000,1.000000,-1264.979980,-746.250000,18.330000,-1180.469971,1756.130005,8.179999,-0.007404,0.004243,0.867123,0.498020,0.000000,0.000100,-2.055200
247,True,True,-1.000000,1.000000,-1274.849976,-731.559998,18.330000,-1152.919922,1779.859985,8.179999,-0.007367,0.004308,0.862827,0.505427,0.000000,0.000100,-2.055500
248,True,True,-1.000000,1.000000,-1284.489990,-716.669983,18.330000,-1124.890015,1803.149902,8.179999,-0.007329,0.004372,0.858468,0.512796,0.000000,0.000100,-2.055700
249,True,True,-1.000000,1.000000,-1293.900024,-701.579956,18.330000,-1096.390015,1826.000000,8.179999,-0.007291,0.004437,0.854046,0.520128,0.000000,0.000100,-2.055900
250,True,True,-1.000000,1.000000,-1303.069946,-686.299988,18.330000,-1067.429932,1848.399902,8.179999,-0.007253,0.004502,0.849557,0.527427,0.000000,0.000000,-2.056100
251,True,True,-1.000000,1.000000,-1312.000000,-670.829956,18.330000,-1038.010010,1870.329956,8.179999,-0.007216,0.004561,0.845006,0.534688,0.000000,0.000000,-2.056300
252,True,True,-1.000000,1.000000,-1320.679932,-655.179993,18.330000,-1008.139954,1891.789917,8.179999,-0.007178,0.004621,0.840395,0.541907,0.000000,0.000000,-2.056400
253,True,True,-1.000000,1.000000,-1329.109985,-639.349976,18.330000,-977.829956,1912.769897,8.179999,-0.007140,0.004680,0.835721,0.549087,0.000000,0.000000,-2.056500
254,True,True,-1.000000,1.000000,-1337.289917,-623.349976,18.330000,-947.089966,1933.260010,8.179999,-0.007102,0.004739,0.830984,0.556230,0.000000,0.000100,-2.056600
255,True,True,-1.000000,1.000000,-1345.209961,-607.179993,18.330000,-915.929993,1953.250000,8.179999,-0.007059,0.004799,0.826188,0.563329,0.000000,0.000200,-2.056700
256,True,True,-1.000000,1.000000,-1352.869995,-590.839966,18.330000,-884.349976,1972.729980,8.179999,-0.007016,0.004858,0.821329,0.570391,0.000000,0.000200,-2.056700
257,True,True,-1.000000,1.000000,-1360.260010,-574.339966,18.330000,-852.369995,1991.689941,8.179999,-0.006973,0.004917,0.816410,0.577410,0.000000,0.000200,-2.056700
258,True,True,-1.000000,1.000000,-1367.390015,-557.679993,18.330000,-819.989990,2010.130005,8.179999,-0.006930,0.004977,0.811431,0.584385,0.000000,0.000200,-2.056700
259,True,True,-1.000000,1.000000,-1374.250000,-540.859985,18.330000,-787.219971,2028.039917,8.179999,-0.006886,0.005036,0.806393,0.591318,0.000000,0.000200,-2.056700
260,True,True,-1.000000,1.000000,-1380.829956,-523.890015,18.330000,-754.079956,2045.409912,8.179999,-0.006843,0.005095,0.801296,0.598207,0.000000,0.000200,-2.056600
261,True,True,-1.000000,1.000000,-1387.130005,-506.779999,18.330000,-720.570007,2062.229980,8.179999,-0.006800,0.005155,0.796139,0.605053,0.000000,0.000200,-2.056500
262,True,True,-1.000000,1.000000,-1393.150024,-489.529999,18.330000,-686.700012,2078.489990,8.179999,-0.006757,0.005214,0.790927,0.611850,0.000000,0.000200,-2.056400
263,True,True,-1.000000,1.000000,-1398.890015,-472.139984,18.330000,-652.479980,2094.189941,8.179999,-0.006714,0.005273,0.785656,0.618605,0.000000,0.000200,-2.056300
264,True,True,-1.000000,1.000000,-1404.339966,-454.619995,18.330000,-617.919983,2109.310059,8.179999,-0.006665,0.005333,0.780325,0.625316,0.000000,0.000200,-2.056100
265,True,True,-1.000000,1.000000,-1409.500000,-436.979980,18.330000,-583.029968,2123.859863,8.179999,-0.006617,0.005392,0.774939,0.631979,0.000000,0.000200,-2.055900
266,True,True,-1.000000,1.000000,-1414.369995,-419.209991,18.330000,-547.830017,2137.820068,8.179999,-0.006568,0.005451,0.769498,0.638593,0.000000,0.000100,-2.055700
267,True,True,-1.000000,1.000000,-1418.949951,-401.329987,18.330000,-512.320007,2151.189941,8.179999,-0.006520,0.005505,0.764001,0.645158,0.000000,0.000000,-2.055500
268,True,True,-1.000000,1.000000,-1423.229980,-383.339996,18.330000,-476.509979,2163.959961,8.179999,-0.006471,0.005559,0.758450,0.651675,0.000000,0.000000,-2.055200
269,True,True,-1.000000,1.000000,-1427.209961,-365.239990,18.330000,-440.419983,2176.129883,8.179999,-0.006423,0.005613,0.752844,0.658143,0.000000,0.000000,-2.054900
270,True,True,-1.000000,1.000000,-1430.890015,-347.039978,18.330000,-404.059998,2187.689941,8.179999,-0.006374,0.005667,0.747183,0.664563,0.000000,0.000000,-2.054600
271,True,True,-1.000000,1.000000,-1434.270020,-328.739990,18.330000,-367.429993,2198.629883,8.179999,-0.006325,0.005721,0.741468,0.670934,0.000000,0.000000,-2.054300
272,True,True,-1.000000,1.000000,-1437.339966,-310.350006,18.330000,-330.549988,2208.949951,8.179999,-0.006277,0.005775,0.735697,0.677257,0.000000,0.000000,-2.054000
273,True,True,-1.000000,1.000000,-1440.099976,-291.869995,18.330000,-293.419983,2218.639893,8.179999,-0.006228,0.005829,0.729876,0.683526,0.000000,0.000000,-2.053600
274,True,True,-1.000000,1.000000,-1442.549927,-273.309998,18.330000,-256.059998,2227.699951,8.179999,-0.006180,0.005883,0.724001,0.689746,0.000000,0.000000,-2.053200
275,True,True,-1.000000,1.000000,-1444.689941,-254.679993,18.330000,-218.479996,2236.119873,8.179999,-0.006131,0.005937,0.718076,0.695912,0.000000,0.000000,-2.052800
276,True,True,-1.000000,1.000000,-1446.510010,-235.979996,18.330000,-180.699997,2243.899902,8.179999,-0.006083,0.005991,0.712096,0.702030,0.000000,0.000000,-2.052400
277,True,True,-1.000000,1.000000,-1448.020020,-217.209991,18.330000,-142.720001,2251.030029,8.179999,-0.006029,0.006045,0.706066,0.708095,0.000000,0.000000,-2.052000
278,True,True,-1.000000,1.000000,-1449.209961,-198.379990,18.330000,-104.549995,2257.510010,8.179999,-0.005975,0.006099,0.699986,0.714106,0.000000,0.000000,-2.051500
279,True,True,-1.000000,1.000000,-1450.079956,-179.500000,18.330000,-66.199997,2263.339844,8.179999,-0.005921,0.006147,0.693857,0.720062,0.000000,0.000000,-2.051000
280,True,True,-1.000000,1.000000,-1450.630005,-160.569992,18.330000,-27.689999,2268.510010,8.179999,-0.005867,0.006196,0.687680,0.725964,0.000000,0.000000,-2.050500
281,True,True,-1.000000,1.000000,-1450.859985,-141.599991,18.330000,10.950000,2273.020020,8.179999,-0.005813,0.006245,0.681454,0.731811,0.000000,0.000000,-2.050000
282,True,True,-1.000000,1.000000,-1450.760010,-122.589996,18.330000,49.730000,2276.859863,8.179999,-0.005759,0.006293,0.675180,0.737603,0.000000,0.000000,-2.049400
283,True,True,-1.000000,1.000000,-1450.339966,-103.549995,18.330000,88.639999,2280.030029,8.179999,-0.005705,0.006342,0.668857,0.743342,0.000000,0.000000,-2.048800
284,True,True,-1.000000,1.000000,-1449.589966,-84.479996,18.330000,127.669998,2282.530029,8.179999,-0.005651,0.006390,0.662486,0.749025,0.000000,0.000000,-2.048200
285,True,True,-1.000000,1.000000,-1448.520020,-65.389999,18.330000,166.800003,2284.359863,8.179999,-0.005597,0.006439,0.656072,0.754650,0.000000,0.000000,-2.047600
286,True,True,-1.000000,1.000000,-1447.119995,-46.289997,18.330000,206.019989,2285.510010,8.179999,-0.005543,0.006487,0.649609,0.760221,0.000000,0.000000,-2.046900
287,True,True,-1.000000,1.000000,-1445.390015,-27.180000,18.330000,245.330002,2285.969971,8.179999,-0.005489,0.006536,0.643103,0.765732,0.000000,0.000000,-2.046700
288,True,True,-1.000000,1.000000,-1443.329956,-8.059999,18.330000,284.309998,2282.339844,8.160000,-0.005435,0.006584,0.636548,0.771190,0.000000,0.000000,-2.047100
289,True,True,-1.000000,1.000000,-1440.949951,11.030000,18.330000,323.130005,2277.169922,8.150000,-0.005381,0.006633,0.629945,0.776593,0.000000,0.000000,-2.047500
290,True,True,-1.000000,1.000000,-1438.239990,30.070000,18.330000,361.869995,2271.329834,8.139999,-0.005322,0.006676,0.623298,0.781938,0.000000,0.000000,-2.047900
291,True,True,-1.000000,1.000000,-1435.209961,49.059998,18.330000,400.509979,2264.839844,8.130000,-0.005263,0.006719,0.616603,0.787228,0.000000,0.000000,-2.048300
292,True,True,-1.000000,1.000000,-1431.859985,68.000000,18.330000,439.039978,2257.689941,8.120000,-0.005203,0.006762,0.609860,0.792463,0.000000,0.000000,-2.048600
293,True,True,-1.000000,1.000000,-1428.179932,86.879997,18.330000,477.459991,2249.879883,8.120000,-0.005144,0.006806,0.603073,0.797640,0.000000,0.000000,-2.048900
294,True,True,-1.000000,1.000000,-1424.179932,105.699997,18.330000,515.750000,2241.409912,8.120000,-0.005085,0.006849,0.596243,0.802758,0.000000,0.000000,-2.049200
295,True,True,-1.000000,1.000000,-1419.859985,124.439995,18.330000,553.899963,2232.290039,8.120000,-0.005025,0.006892,0.589365,0.807822,0.000000,0.000000,-2.049500
296,True,True,-1.000000,1.000000,-1415.219971,143.110001,18.330000,591.899963,2222.510010,8.120000,-0.004966,0.006935,0.582443,0.812826,0.000000,0.000000,-2.049700
297,True,True,-1.000000,1.000000,-1410.270020,161.699997,18.330000,629.729980,2212.089844,8.120000,-0.004907,0.006978,0.575479,0.817772,0.000000,0.000000,-2.049900
298,True,True,-1.000000,1.000000,-1405.000000,180.199997,18.330000,667.390015,2201.020020,8.120000,-0.004847,0.007021,0.568471,0.822659,0.000000,0.000000,-2.050100
299,True,True,-1.000000,1.000000,-1399.409912,198.610001,18.330000,704.859985,2189.310059,8.120000,-0.004788,0.007065,0.561425,0.827483,0.000000,0.000000,-2.050300
300,True,True,-1.000000,1.000000,-1393.510010,216.919998,18.330000,742.130005,2176.959961,8.120000,-0.004729,0.007108,0.554336,0.832249,0.000000,0.000000,-2.050500
301,True,True,-1.000000,1.000000,-1387.299927,235.119995,18.330000,779.190002,2163.969971,8.120000,-0.004669,0.007145,0.547204,0.836955,0.000000,0.000000,-2.050700
302,True,True,-1.000000,1.000000,-1380.780029,253.220001,18.330000,816.019958,2150.349854,8.120000,-0.004610,0.007183,0.540035,0.841599,0.000000,0.000000,-2.050800
303,True,True,-1.000000,1.000000,-1373.949951,271.199982,18.330000,852.619995,2136.099854,8.120000,-0.004551,0.007221,0.532822,0.846184,0.000000,0.000000,-2.050900
304,True,True,-1.000000,1.000000,-1366.809937,289.059998,18.330000,888.979980,2121.229980,8.120000,-0.004491,0.007259,0.525571,0.850707,0.000000,0.000000,-2.051000
305,True,True,-1.000000,1.000000,-1359.369995,306.799988,18.330000,925.079956,2105.739990,8.120000,-0.004426,0.007296,0.518283,0.855167,0.000000,0.000000,-2.051100
306,True,True,-1.000000,1.000000,-1351.630005,324.410004,18.330000,960.909973,2089.629883,8.120000,-0.004362,0.007334,0.510957,0.859564,0.000000,0.000000,-2.051200
307,True,True,-1.000000,1.000000,-1343.589966,341.880005,18.330000,996.469971,2072.909912,8.120000,-0.004297,0.007372,0.503593,0.863899,0.000000,0.000000,-2.051300
308,True,True,-1.000000,1.000000,-1335.250000,359.209991,18.330000,1031.739990,2055.579834,8.120000,-0.004232,0.007410,0.496191,0.868171,0.000000,0.000000,-2.051400
309,True,True,-1.000000,1.000000,-1326.619995,376.399994,18.330000,1066.709961,2037.649902,8.120000,-0.004167,0.007448,0.488752,0.872381,0.000000,0.000000,-2.051500
310,True,True,-1.000000,1.000000,-1317.689941,393.440002,18.330000,1101.369995,2019.130005,8.120000,-0.004103,0.007485,0.481274,0.876528,0.000000,0.000000,-2.051600
311,True,True,-1.000000,1.000000,-1308.469971,410.319977,18.330000,1135.719971,2000.010010,8.120000,-0.004038,0.007518,0.473765,0.880610,0.000000,0.000000,-2.051700
312,True,True,-1.000000,1.000000,-1298.969971,427.039978,18.330000,1169.729980,1980.309937,8.120000,-0.003973,0.007550,0.466217,0.884629,0.000000,0.000000,-2.051800
313,True,True,-1.000000,1.000000,-1289.179932,443.599976,18.330000,1203.409912,1960.029907,8.120000,-0.003909,0.007582,0.458638,0.888582,0.000000,0.000000,-2.051900
314,True,True,-1.000000,1.000000,-1279.109985,459.989990,18.330000,1236.739990,1939.169922,8.120000,-0.003844,0.007615,0.451026,0.892470,0.000000,0.000000,-2.051900
315,True,True,-1.000000,1.000000,-1268.760010,476.209991,18.330000,1269.699951,1917.750000,8.120000,-0.003779,0.007647,0.443381,0.896293,0.000000,0.000000,-2.051900
316,True,True,-1.000000,1.000000,-1258.140015,492.250000,18.330000,1302.299927,1895.769897,8.120000,-0.003714,0.007680,0.435704,0.900049,0.000000,0.000000,-2.051900
317,True,True,-1.000000,1.000000,-1247.239990,508.099976,18.330000,1334.510010,1873.229980,8.120000,-0.003650,0.007712,0.427995,0.903741,0.000000,0.000000,-2.051900
318,True,True,-1.000000,1.000000,-1236.079956,523.760010,18.330000,1366.329956,1850.140015,8.120000,-0.003585,0.007744,0.420254,0.907367,0.000000,0.000000,-2.051900
319,True,True,-1.000000,1.000000,-1224.650024,539.229980,18.330000,1397.760010,1826.520020,8.120000,-0.003520,0.007777,0.412480,0.910927,0.000000,0.000000,-2.051900
320,True,True,-1.000000,1.000000,-1212.959961,554.500000,18.330000,1428.779907,1802.359985,8.120000,-0.003455,0.007809,0.404679,0.914419,0.000000,0.000000,-2.052000
321,True,True,-1.000000,1.000000,-1201.010010,569.570007,18.330000,1459.380005,1777.669922,8.120000,-0.003391,0.007836,0.396845,0.917846,0.000000,0.000000,-2.052000
322,True,True,-1.000000,1.000000,-1188.799927,584.429993,18.330000,1489.559937,1752.459961,8.120000,-0.003326,0.007863,0.388985,0.921204,0.000000,0.000000,-2.052000
323,True,True,-1.000000,1.000000,-1176.339966,599.080017,18.330000,1519.299927,1726.739990,8.120000,-0.003261,0.007890,0.381093,0.924497,0.000000,0.000000,-2.052000
324,True,True,-1.000000,1.000000,-1163.630005,613.519958,18.330000,1548.599976,1700.510010,8.120000,-0.003191,0.007917,0.373173,0.927722,0.000000,0.000000,-2.052100
325,True,True,-1.000000,1.000000,-1150.679932,627.739990,18.330000,1577.449951,1673.779907,8.120000,-0.003121,0.007944,0.365226,0.930880,0.000000,0.000000,-2.052100
326,True,True,-1.000000,1.000000,-1137.479980,641.729980,18.330000,1605.839966,1646.569946,8.120000,-0.003051,0.007971,0.357253,0.933969,0.000000,0.000000,-2.052100
327,True,True,-1.000000,1.000000,-1124.049927,655.500000,18.330000,1633.760010,1618.869995,8.120000,-0.002981,0.007998,0.349252,0.936990,0.000000,0.000000,-2.052100
328,True,True,-1.000000,1.000000,-1110.380005,669.039978,18.330000,1661.199951,1590.689941,8.120000,-0.002911,0.008025,0.341230,0.939941,0.000000,0.000000,-2.052100
329,True,True,-1.000000,1.000000,-1096.479980,682.339966,18.330000,1688.159912,1562.059937,8.120000,-0.002840,0.008052,0.333181,0.942824,0.000000,0.000000,-2.052100
330,True,True,-1.000000,1.000000,-1082.359985,695.399963,18.330000,1714.619995,1532.959961,8.120000,-0.002770,0.008073,0.325105,0.945639,0.000000,0.000000,-2.052100
331,True,True,-1.000000,1.000000,-1068.020020,708.219971,18.330000,1740.589966,1503.419922,8.120000,-0.002700,0.008095,0.317008,0.948385,0.000000,0.000000,-2.052100
332,True,True,-1.000000,1.000000,-1053.459961,720.789978,18.330000,1766.039917,1473.429932,8.120000,-0.002630,0.008117,0.308888,0.951060,0.000000,0.000000,-2.052100
333,True,True,-1.000000,1.000000,-1038.689941,733.109985,18.330000,1790.979980,1443.020020,8.120000,-0.002560,0.008138,0.300748,0.953666,0.000000,0.000000,-2.052100
334,True,True,-1.000000,1.000000,-1023.709961,745.169983,18.330000,1815.390015,1412.179932,8.120000,-0.002490,0.008160,0.292580,0.956203,0.000000,0.000000,-2.052100
335,True,True,-1.000000,1.000000,-1008.519958,756.979980,18.330000,1839.270020,1380.929932,8.120000,-0.002420,0.008181,0.284396,0.958669,0.000000,0.000000,-2.052100
336,True,True,-1.000000,1.000000,-993.130005,768.529968,18.330000,1862.619995,1349.280029,8.120000,-0.002349,0.008203,0.276190,0.961065,0.000000,0.000000,-2.052100
337,True,True,-1.000000,1.000000,-977.549988,779.809998,18.330000,1885.419922,1317.229980,8.120000,-0.002279,0.008224,0.267963,0.963391,0.000000,0.000000,-2.052100
338,True,True,-1.000000,1.000000,-961.779968,790.820007,18.330000,1907.669922,1284.799927,8.120000,-0.002209,0.008246,0.259715,0.965648,0.000000,0.000000,-2.052100
339,True,True,-1.000000,1.000000,-945.820007,801.559998,18.330000,1929.359985,1251.989990,8.120000,-0.002139,0.008262,0.251450,0.967833,0.000000,0.000000,-2.052100
340,True,True,-1.000000,1.000000,-929.679993,812.029968,18.330000,1950.479980,1218.819946,8.120000,-0.002069,0.008278,0.243163,0.969948,0.000000,0.000000,-2.052100
341,True,True,-1.000000,1.000000,-913.369995,822.219971,18.330000,1971.039917,1185.289917,8.120000,-0.001999,0.008295,0.234861,0.971992,0.000000,0.000000,-2.052100
342,True,True,-1.000000,1.000000,-896.880005,832.130005,18.330000,1991.019897,1151.410034,8.120000,-0.001929,0.008311,0.226542,0.973964,0.000000,0.000000,-2.052100
343,True,True,-1.000000,1.000000,-880.229980,841.760010,18.330000,2010.419922,1117.189941,8.120000,-0.001859,0.008327,0.218207,0.975865,0.000000,0.000000,-2.052100
344,True,True,-1.000000,1.000000,-863.409973,851.099976,18.330000,2029.229980,1082.650024,8.120000,-0.001788,0.008343,0.209856,0.977695,0.000000,0.000000,-2.052100
345,True,True,-1.000000,1.000000,-846.440002,860.149963,18.330000,2047.449951,1047.789917,8.120000,-0.001718,0.008359,0.201488,0.979454,0.000000,0.000000,-2.052100
346,True,True,-1.000000,1.000000,-829.309998,868.909973,18.330000,2065.070068,1012.619995,8.120000,-0.001648,0.008375,0.193105,0.981141,0.000000,0.000000,-2.052100
347,True,True,-1.000000,1.000000,-812.039978,877.369995,18.330000,2082.079834,977.159973,8.120000,-0.001578,0.008392,0.184710,0.982756,0.000000,0.000000,-2.052100
348,True,True,-1.000000,1.000000,-794.630005,885.539978,18.330000,2098.489990,941.419983,8.120000,-0.001508,0.008402,0.176300,0.984299,0.000000,0.000000,-2.052100
349,True,True,-1.000000,1.000000,-777.079956,893.409973,18.330000,2114.280029,905.399963,8.120000,-0.001438,0.008413,0.167879,0.985771,0.000000,0.000000,-2.052100
350,True,True,-1.000000,1.000000,-759.399963,900.979980,18.330000,2129.449951,869.109985,8.120000,-0.001368,0.008424,0.159447,0.987170,0.000000,0.000000,-2.052100
351,True,True,-1.000000,1.000000,-741.589966,908.239990,18.330000,2144.000000,832.570007,8.120000,-0.001297,0.008435,0.150998,0.988497,0.000000,0.000000,-2.052100
352,True,True,-1.000000,1.000000,-723.659973,915.199951,18.330000,2157.919922,795.789978,8.120000,-0.001227,0.008446,0.142539,0.989752,0.000100,0.000000,-2.052100
353,True,True,-1.000000,1.000000,-705.609985,921.849976,18.330000,2171.209961,758.769958,8.120000,-0.001157,0.008456,0.134069,0.990935,0.000100,0.000000,-2.052100
354,True,True,-1.000000,1.000000,-687.450012,928.190002,18.330000,2183.869873,721.529968,8.120000,-0.001087,0.008467,0.125594,0.992045,0.000200,0.000000,-2.052100
355,True,True,-1.000000,1.000000,-669.179993,934.219971,18.330000,2195.889893,684.079956,8.120000,-0.001012,0.008478,0.117108,0.993082,0.000300,0.000000,-2.052100
356,True,True,-1.000000,1.000000,-650.809998,939.940002,18.330000,2207.270020,646.429993,8.120000,-0.000936,0.008489,0.108611,0.994048,0.000300,0.000000,-2.052100
357,True,True,-1.000000,1.000000,-632.349976,945.339966,18.330000,2218.000000,608.589966,8.120000,-0.000860,0.008494,0.100109,0.994940,0.000300,0.000000,-2.052100
358,True,True,-1.000000,1.000000,-613.799988,950.429993,18.330000,2228.079834,570.570007,8.120000,-0.000785,0.008500,0.091596,0.995760,0.000200,0.000000,-2.052100
359,True,True,-1.000000,1.000000,-595.159973,955.199951,18.330000,2237.510010,532.390015,8.120000,-0.000709,0.008505,0.083077,0.996506,0.000100,0.000000,-2.052100
360,True,True,-1.000000,1.000000,-576.450012,959.649963,18.330000,2246.290039,494.049988,8.120000,-0.000634,0.008510,0.074554,0.997180,0.000000,0.000000,-2.052100
361,True,True,-1.000000,1.000000,-557.659973,963.779968,18.330000,2254.409912,455.559998,8.120000,-0.000564,0.008516,0.066024,0.997781,0.000000,0.000000,-2.052100
362,True,True,-1.000000,1.000000,-538.799988,967.589966,18.330000,2261.869873,416.940002,8.120000,-0.000488,0.008521,0.057490,0.998310,0.000000,0.000000,-2.052100
363,True,True,-1.000000,1.000000,-519.880005,971.070007,18.330000,2268.669922,378.199982,8.120000,-0.000413,0.008527,0.048950,0.998765,0.000000,0.000000,-2.052100
364,True,True,-1.000000,1.000000,-500.910004,974.229980,18.330000,2274.810059,339.350006,8.120000,-0.000337,0.008532,0.040410,0.999147,0.000000,0.000000,-2.052100
365,True,True,-1.000000,1.000000,-481.879974,977.059998,18.330000,2280.280029,300.399994,8.120000,-0.000262,0.008532,0.031864,0.999456,0.000000,0.000000,-2.052100
366,True,True,-1.000000,1.000000,-462.809998,979.570007,18.330000,2285.079834,261.359985,8.110000,-0.000186,0.008532,0.023319,0.999692,-0.000100,0.000000,-2.052100
367,True,True,-1.000000,1.000000,-443.699982,981.750000,18.330000,2289.219971,222.250000,8.110000,-0.000116,0.008532,0.014768,0.999855,-0.000200,0.000000,-2.052100
368,True,True,-1.000000,1.000000,-424.549988,983.599976,18.330000,2292.679932,183.069992,8.110000,-0.000046,0.008532,0.006218,0.999944,-0.000200,0.000000,-2.052100
369,True,True,-1.000000,1.000000,-405.380005,985.130005,18.330000,2295.479980,143.830002,8.110000,0.000024,0.008532,-0.002333,0.999961,-0.000200,0.000000,-2.052100
370,True,True,-1.000000,1.000000,-386.179993,986.329956,18.330000,2297.599854,104.549995,8.110000,0.000094,0.008532,-0.010884,0.999904,-0.000100,0.000000,-2.052100
371,True,True,-1.000000,1.000000,-366.959991,987.199951,18.330000,2299.060059,65.239998,8.110000,0.000165,0.008532,-0.019435,0.999775,0.000000,0.000000,-2.052100
372,True,True,-1.000000,1.000000,-347.729980,987.739990,18.330000,2299.829834,25.910000,8.110000,0.000240,0.008532,-0.027980,0.999572,0.000000,0.000000,-2.052100
373,True,True,-1.000000,1.000000,-328.500000,987.949951,18.330000,2299.939941,-13.410000,8.110000,0.000316,0.008532,-0.036526,0.999296,0.000000,0.000000,-2.052100
374,True,True,-1.000000,1.000000,-309.269989,987.829956,18.330000,2299.379883,-52.730000,8.110000,0.000391,0.008527,-0.045071,0.998947,0.000000,0.000000,-2.052100
375,True,True,-1.000000,1.000000,-290.040009,987.380005,18.330000,2298.139893,-92.040001,8.110000,0.000467,0.008521,-0.053611,0.998525,0.000000,0.000000,-2.052100
376,True,True,-1.000000,1.000000,-270.820007,986.609985,18.330000,2296.229980,-131.319992,8.110000,0.000542,0.008516,-0.062146,0.998031,-0.000100,0.000000,-2.052100
377,True,True,-1.000000,1.000000,-251.619995,985.509949,18.330000,2293.649902,-170.559998,8.110000,0.000612,0.008510,-0.070675,0.997463,-0.000200,0.000000,-2.052100
378,True,True,-1.000000,1.000000,-232.439987,984.079956,18.330000,2290.399902,-209.750000,8.110000,0.000682,0.008505,-0.079199,0.996822,-0.000200,0.000000,-2.052100
379,True,True,-1.000000,1.000000,-213.289993,982.320007,18.330000,2286.479980,-248.879990,8.110000,0.000753,0.008500,-0.087717,0.996109,-0.000200,0.000000,-2.052100
380,True,True,-1.000000,1.000000,-194.169998,980.229980,18.330000,2281.889893,-287.940002,8.110000,0.000823,0.008494,-0.096230,0.995322,-0.000100,0.000000,-2.052100
381,True,True,-1.000000,1.000000,-175.089996,977.820007,18.330000,2276.629883,-326.910004,8.110000,0.000893,0.008489,-0.104738,0.994463,0.000000,0.000000,-2.052100
382,True,True,-1.000000,1.000000,-156.050003,975.079956,18.330000,2270.709961,-365.789978,8.110000,0.000963,0.008483,-0.113234,0.993531,0.000000,0.000000,-2.052100
383,True,True,-1.000000,1.000000,-137.059998,972.019958,18.330000,2264.119873,-404.559998,8.110000,0.001033,0.008473,-0.121726,0.992527,0.000000,0.000000,-2.052100
384,True,True,-1.000000,1.000000,-118.129997,968.630005,18.330000,2256.869873,-443.209991,8.110000,0.001103,0.008462,-0.130207,0.991450,0.000000,0.000000,-2.052100
385,True,True,-1.000000,1.000000,-99.259995,964.919983,18.330000,2248.959961,-481.739990,8.110000,0.001173,0.008451,-0.138676,0.990301,0.000000,0.000000,-2.052100
386,True,True,-1.000000,1.000000,-80.449997,960.889954,18.330000,2240.399902,-520.119995,8.110000,0.001244,0.008440,-0.147141,0.989079,0.000100,0.000000,-2.052100
387,True,True,-1.000000,1.000000,-61.709999,956.539978,18.330000,2231.179932,-558.349976,8.110000,0.001314,0.008429,-0.155595,0.987784,0.000200,0.000000,-2.052100
388,True,True,-1.000000,1.000000,-43.049999,951.869995,18.330000,2221.300049,-596.419983,8.110000,0.001389,0.008419,-0.164032,0.986418,0.000200,0.000000,-2.052100
389,True,True,-1.000000,1.000000,-24.469999,946.880005,18.330000,2210.780029,-634.320007,8.110000,0.001459,0.008408,-0.172459,0.984980,0.000200,0.000000,-2.052100
390,True,True,-1.000000,1.000000,-5.980000,941.570007,18.330000,2199.609863,-672.029968,8.110000,0.001529,0.008397,-0.180875,0.983469,0.000200,0.000000,-2.052100
391,True,True,-1.000000,1.000000,12.410000,935.949951,18.330000,2187.800049,-709.539978,8.110000,0.001600,0.008386,-0.189274,0.981887,0.000200,0.000000,-2.052100
392,True,True,-1.000000,1.000000,30.709999,930.009949,18.330000,2175.349854,-746.839966,8.110000,0.001670,0.008370,-0.197663,0.980233,0.000300,0.000000,-2.052100
393,True,True,-1.000000,1.000000,48.899998,923.760010,18.330000,2162.260010,-783.929993,8.110000,0.001740,0.008354,-0.206036,0.978507,0.000300,0.000000,-2.052100
394,True,True,-1.000000,1.000000,66.979996,917.199951,18.330000,2148.540039,-820.789978,8.110000,0.001810,0.008338,-0.214393,0.976710,0.000400,0.000000,-2.052100
395,True,True,-1.000000,1.000000,84.949997,910.329956,18.330000,2134.189941,-857.409973,8.110000,0.001885,0.008322,-0.222738,0.974841,0.000400,0.000000,-2.052100
396,True,True,-1.000000,1.000000,102.799995,903.159973,18.330000,2119.209961,-893.779968,8.110000,0.001956,0.008305,-0.231068,0.972900,0.000400,0.000000,-2.052100
397,True,True,-1.000000,1.000000,120.519997,895.679993,18.330000,2103.619873,-929.889954,8.110000,0.002026,0.008289,-0.239376,0.970889,0.000400,0.000000,-2.052100
398,True,True,-1.000000,1.000000,138.110001,887.899963,18.330000,2087.409912,-965.719971,8.110000,0.002096,0.008273,-0.247668,0.968807,0.000400,0.000000,-2.052100
399,True,True,-1.000000,1.000000,155.569992,879.820007,18.330000,2070.589844,-1001.269958,8.110000,0.002166,0.008257,-0.255944,0.966654,0.000400,0.000000,-2.052100
400,True,True,-1.000000,1.000000,172.879990,871.440002,18.330000,2053.169922,-1036.530029,8.110000,0.002236,0.008241,-0.264198,0.964431,0.000400,-0.000100,-2.052100
401,True,True,-1.000000,1.000000,190.050003,862.769958,18.330000,2035.149902,-1071.489990,8.110000,0.002306,0.008219,-0.272436,0.962136,0.000400,-0.000200,-2.052200
402,True,True,-1.000000,1.000000,207.069992,853.799988,18.330000,2016.519897,-1106.130005,8.110000,0.002376,0.008197,-0.280652,0.959772,0.000400,-0.000200,-2.052200
403,True,True,-1.000000,1.000000,223.929993,844.549988,18.330000,1997.309937,-1140.449951,8.110000,0.002447,0.008176,-0.288847,0.957337,0.000400,-0.000200,-2.052200
404,True,True,-1.000000,1.000000,240.629990,835.010010,18.330000,1977.519897,-1174.439941,8.110000,0.002517,0.008154,-0.297020,0.954833,0.000400,-0.000200,-2.052200
405,True,True,-1.000000,1.000000,257.169983,825.179993,18.330000,1957.149902,-1208.079956,8.110000,0.002587,0.008133,-0.305171,0.952259,0.000400,-0.000200,-2.052200
406,True,True,-1.000000,1.000000,273.540009,815.070007,18.330000,1936.209961,-1241.369995,8.110000,0.002657,0.008111,-0.313301,0.949615,0.000400,-0.000200,-2.052200
407,True,True,-1.000000,1.000000,289.729980,804.679993,18.330000,1914.699951,-1274.299927,8.110000,0.002727,0.008090,-0.321410,0.946902,0.000400,-0.000200,-2.052200
408,True,True,-1.000000,1.000000,305.739990,794.019958,18.330000,1892.630005,-1306.849976,8.110000,0.002797,0.008068,-0.329497,0.944118,0.000400,-0.000200,-2.052200
409,True,True,-1.000000,1.000000,321.570007,783.089966,18.330000,1870.000000,-1339.020020,8.110000,0.002867,0.008041,-0.337556,0.941267,0.000300,-0.000200,-2.052200
410,True,True,-1.000000,1.000000,337.209991,771.889954,18.330000,1846.829956,-1370.809937,8.110000,0.002937,0.008014,-0.345595,0.938345,0.000300,-0.000200,-2.052200
411,True,True,-1.000000,1.000000,352.649994,760.419983,18.330000,1823.119995,-1402.189941,8.110000,0.003008,0.007987,-0.353606,0.935355,0.000300,-0.000200,-2.052200
412,True,True,-1.000000,1.000000,367.889984,748.690002,18.330000,1798.869995,-1433.159912,8.110000,0.003078,0.007960,-0.361590,0.932298,0.000200,-0.000200,-2.052200
413,True,True,-1.000000,1.000000,382.929993,736.700012,18.330000,1774.099976,-1463.719971,8.110000,0.003148,0.007933,-0.369548,0.929173,0.000200,-0.000200,-2.052200
414,True,True,-1.000000,1.000000,397.759979,724.459961,18.330000,1748.809937,-1493.839966,8.110000,0.003218,0.007906,-0.377478,0.925979,0.000100,-0.000100,-2.052200
415,True,True,-1.000000,1.000000,412.380005,711.959961,18.330000,1723.010010,-1523.529907,8.110000,0.003288,0.007879,-0.385381,0.922718,0.000000,-0.000100,-2.052200
416,True,True,-1.000000,1.000000,426.789978,699.209961,18.330000,1696.709961,-1552.770020,8.110000,0.003358,0.007852,-0.393258,0.919388,0.000000,-0.000100,-2.052200
417,True,True,-1.000000,1.000000,440.979980,686.219971,18.330000,1669.909912,-1581.549927,8.110000,0.003423,0.007825,-0.401107,0.915991,0.000000,-0.000100,-2.052200
418,True,True,-1.000000,1.000000,454.940002,672.989990,18.330000,1642.619995,-1609.880005,8.110000,0.003488,0.007793,-0.408924,0.912528,0.000000,-0.000100,-2.052200
419,True,True,-1.000000,1.000000,468.669983,659.519958,18.330000,1614.849976,-1637.729980,8.110000,0.003552,0.007760,-0.416715,0.908997,0.000000,-0.000100,-2.052200
420,True,True,-1.000000,1.000000,482.169983,645.820007,18.330000,1586.609985,-1665.109985,8.110000,0.003617,0.007728,-0.424472,0.905401,0.000000,-0.000100,-2.052200
421,True,True,-1.000000,1.000000,495.440002,631.890015,18.330000,1557.900024,-1692.000000,8.110000,0.003682,0.007696,-0.432198,0.901738,0.000000,-0.000100,-2.052200
422,True,True,-1.000000,1.000000,508.470001,617.739990,18.330000,1528.729980,-1718.390015,8.110000,0.003747,0.007663,-0.439891,0.898011,0.000000,-0.000100,-2.052200
423,True,True,-1.000000,1.000000,521.250000,603.369995,18.330000,1499.119995,-1744.289917,8.110000,0.003811,0.007631,-0.447551,0.894217,0.000000,-0.000100,-2.052200
424,True,True,-1.000000,1.000000,533.779968,588.779968,18.330000,1469.069946,-1769.669922,8.110000,0.003876,0.007599,-0.455180,0.890359,0.000000,-0.000100,-2.052200
425,True,True,-1.000000,1.000000,546.059998,573.979980,18.330000,1438.599976,-1794.529907,8.110000,0.003941,0.007566,-0.462775,0.886434,0.000000,-0.000100,-2.052200
426,True,True,-1.000000,1.000000,558.089966,558.969971,18.330000,1407.699951,-1818.869995,8.110000,0.004006,0.007534,-0.470339,0.882445,0.000000,-0.000100,-2.052200
427,True,True,-1.000000,1.000000,569.859985,543.760010,18.330000,1376.390015,-1842.669922,8.110000,0.004070,0.007501,-0.477865,0.878392,0.000000,-0.000100,-2.052200
428,True,True,-1.000000,1.000000,581.369995,528.349976,18.330000,1344.679932,-1865.939941,8.110000,0.004135,0.007464,-0.485358,0.874274,0.000000,-0.000100,-2.052200
429,True,True,-1.000000,1.000000,592.609985,512.739990,18.330000,1312.579956,-1888.659912,8.110000,0.004200,0.007426,-0.492814,0.870093,0.000000,-0.000100,-2.052200
430,True,True,-1.000000,1.000000,603.579956,496.940002,18.330000,1280.089966,-1910.829956,8.110000,0.004265,0.007388,-0.500237,0.865846,0.000000,-0.000100,-2.052200
431,True,True,-1.000000,1.000000,614.279968,480.959991,18.330000,1247.229980,-1932.439941,8.110000,0.004329,0.007350,-0.507623,0.861537,0.000000,0.000000,-2.052200
432,True,True,-1.000000,1.000000,624.709961,464.799988,18.330000,1214.000000,-1953.479980,8.110000,0.004394,0.007313,-0.514970,0.857165,0.000000,0.000000,-2.052200
433,True,True,-1.000000,1.000000,634.859985,448.459991,18.330000,1180.419922,-1973.959961,8.110000,0.004459,0.007275,-0.522280,0.852731,0.000000,0.000000,-2.052200
434,True,True,-1.000000,1.000000,644.729980,431.949982,18.330000,1146.489990,-1993.849976,8.110000,0.004524,0.007237,-0.529553,0.848234,0.000000,0.000000,-2.052200
435,True,True,-1.000000,1.000000,654.309998,415.269989,18.330000,1112.229980,-2013.169922,8.110000,0.004583,0.007199,-0.536787,0.843675,0.000000,0.000000,-2.052200
436,True,True,-1.000000,1.000000,663.609985,398.429993,18.330000,1077.640015,-2031.890015,8.110000,0.004642,0.007162,-0.543984,0.839052,0.000000,0.000000,-2.052200
437,True,True,-1.000000,1.000000,672.619995,381.429993,18.330000,1042.739990,-2050.030029,8.110000,0.004702,0.007124,-0.551137,0.834371,0.000000,0.000000,-2.052200
438,True,True,-1.000000,1.000000,681.339966,364.279999,18.330000,1007.529968,-2067.560059,8.110000,0.004761,0.007086,-0.558253,0.829627,0.000000,0.000000,-2.052200
439,True,True,-1.000000,1.000000,689.760010,346.989990,18.330000,972.019958,-2084.479980,8.110000,0.004820,0.007043,-0.565325,0.824824,0.000000,0.000000,-2.052200
440,True,True,-1.000000,1.000000,697.890015,329.559998,18.330000,936.229980,-2100.800049,8.110000,0.004880,0.007000,-0.572355,0.819961,0.000000,0.000000,-2.052200
441,True,True,-1.000000,1.000000,705.719971,311.989990,18.330000,900.169983,-2116.510010,8.110000,0.004939,0.006957,-0.579347,0.815037,0.000000,0.000000,-2.052200
442,True,True,-1.000000,1.000000,713.239990,294.290009,18.330000,863.839966,-2131.589844,8.110000,0.004998,0.006913,-0.586295,0.810053,0.000000,0.000000,-2.052200
443,True,True,-1.000000,1.000000,720.459961,276.459991,18.330000,827.260010,-2146.050049,8.110000,0.005058,0.006870,-0.593201,0.805009,0.000000,0.000000,-2.052200
444,True,True,-1.000000,1.000000,727.369995,258.509979,18.330000,790.440002,-2159.889893,8.110000,0.005117,0.006827,-0.600063,0.799907,0.000000,0.000000,-2.052200
445,True,True,-1.000000,1.000000,733.979980,240.439987,18.330000,753.389954,-2173.089844,8.110000,0.005176,0.006784,-0.606882,0.794746,0.000000,0.000000,-2.052200
446,True,True,-1.000000,1.000000,740.279968,222.259995,18.330000,716.119995,-2185.649902,8.110000,0.005236,0.006741,-0.613658,0.789526,0.000000,0.000000,-2.052200
447,True,True,-1.000000,1.000000,746.260010,203.979996,18.330000,678.640015,-2197.579834,8.110000,0.005295,0.006698,-0.620385,0.784251,0.000000,0.000000,-2.052200
448,True,True,-1.000000,1.000000,751.929993,185.599991,18.330000,640.959961,-2208.859863,8.110000,0.005354,0.006655,-0.627069,0.778917,0.000000,0.000000,-2.052200
449,True,True,-1.000000,1.000000,757.289978,167.129990,18.330000,603.089966,-2219.500000,8.110000,0.005414,0.006606,-0.633705,0.773528,0.000000,0.000000,-2.052200
450,True,True,-1.000000,1.000000,762.329956,148.569992,18.330000,565.039978,-2229.489990,8.110000,0.005468,0.006557,-0.640297,0.768080,0.000000,0.000000,-2.052200
451,True,True,-1.000000,1.000000,767.049988,129.919998,18.330000,526.830017,-2238.829834,8.110000,0.005522,0.006509,-0.646841,0.762577,0.000000,0.000000,-2.052200
452,True,True,-1.000000,1.000000,771.450012,111.199997,18.330000,488.470001,-2247.510010,8.110000,0.005576,0.006460,-0.653337,0.757019,0.000000,0.000000,-2.052200
453,True,True,-1.000000,1.000000,775.529968,92.400002,18.330000,449.959991,-2255.540039,8.110000,0.005629,0.006412,-0.659783,0.751407,0.000000,0.000000,-2.052200
454,True,True,-1.000000,1.000000,779.289978,73.540001,18.330000,411.319977,-2262.899902,8.110000,0.005683,0.006363,-0.666182,0.745741,0.000000,0.000000,-2.052200
455,True,True,-1.000000,1.000000,782.729980,54.610001,18.330000,372.569977,-2269.599854,8.110000,0.005737,0.006315,-0.672531,0.740019,0.000000,0.000000,-2.052200
456,True,True,-1.000000,1.000000,785.839966,35.630001,18.330000,333.709991,-2275.639893,8.110000,0.005791,0.006266,-0.678833,0.734244,0.000000,0.000000,-2.052200
457,True,True,-1.000000,1.000000,788.630005,16.600000,18.330000,294.750000,-2281.020020,8.110000,0.005845,0.006218,-0.685085,0.728413,0.000000,0.000000,-2.052200
458,True,True,-1.000000,1.000000,791.089966,-2.480000,18.330000,255.709991,-2285.719971,8.110000,0.005899,0.006169,-0.691289,0.722528,0.000000,0.000000,-2.052200
459,True,True,-1.000000,1.000000,793.219971,-21.600000,18.330000,216.589996,-2289.760010,8.110000,0.005953,0.006120,-0.697445,0.716588,0.000000,0.000000,-2.052200
460,True,True,-1.000000,1.000000,795.029968,-40.750000,18.330000,177.399994,-2293.129883,8.110000,0.006007,0.006072,-0.703546,0.710598,0.000000,0.000000,-2.052200
461,True,True,-1.000000,1.000000,796.510010,-59.930000,18.330000,138.160004,-2295.829834,8.110000,-0.006061,-0.006018,0.709598,-0.704555,0.000000,0.000000,-2.052200
462,True,True,-1.000000,1.000000,797.659973,-79.129997,18.330000,98.879997,-2297.849854,8.110000,-0.006110,-0.005964,0.715599,-0.698459,0.000000,0.000000,-2.052200
463,True,True,-1.000000,1.000000,798.479980,-98.349998,18.330000,59.570000,-2299.209961,8.110000,-0.006158,-0.005910,0.721546,-0.692314,0.000000,0.000000,-2.052200
464,True,True,-1.000000,1.000000,798.969971,-117.579994,18.330000,20.240000,-2299.889893,8.110000,-0.006207,-0.005856,0.727437,-0.686121,0.000000,0.000000,-2.052200
465,True,True,-1.000000,1.000000,799.130005,-136.809998,18.330000,-19.080000,-2299.899902,8.110000,-0.006255,-0.005802,0.733280,-0.679874,0.000000,0.000000,-2.052200
466,True,True,-1.000000,1.000000,798.969971,-156.039993,18.330000,-58.399998,-2299.239990,8.110000,-0.006304,-0.005748,0.739067,-0.673578,0.000000,0.000000,-2.052200
467,True,True,-1.000000,1.000000,798.479980,-175.269989,18.330000,-97.709999,-2297.899902,8.110000,-0.006352,-0.005694,0.744799,-0.667234,0.000000,0.000000,-2.052200
468,True,True,-1.000000,1.000000,797.659973,-194.489990,18.330000,-136.989990,-2295.899902,8.110000,-0.006401,-0.005640,0.750478,-0.660841,0.000000,0.000000,-2.052200
469,True,True,-1.000000,1.000000,796.510010,-213.690002,18.330000,-176.229996,-2293.219971,8.110000,-0.006450,-0.005586,0.756101,-0.654399,0.000000,0.000000,-2.052200
470,True,True,-1.000000,1.000000,795.029968,-232.869995,18.330000,-215.419998,-2289.869873,8.110000,-0.006498,-0.005532,0.761669,-0.647909,0.000000,0.000000,-2.052200
471,True,True,-1.000000,1.000000,793.219971,-252.019989,18.330000,-254.549988,-2285.849854,8.110000,-0.006547,-0.005478,0.767183,-0.641371,0.000000,0.000000,-2.052200
472,True,True,-1.000000,1.000000,791.089966,-271.139984,18.330000,-293.600006,-2281.159912,8.110000,-0.006595,-0.005424,0.772638,-0.634789,0.000000,0.000000,-2.052200
473,True,True,-1.000000,1.000000,788.630005,-290.220001,18.330000,-332.570007,-2275.810059,8.110000,-0.006644,-0.005371,0.778038,-0.628159,0.000000,0.000000,-2.052200
474,True,True,-1.000000,1.000000,785.839966,-309.250000,18.330000,-371.440002,-2269.790039,8.110000,-0.006687,-0.005311,0.783379,-0.621486,0.000000,0.000000,-2.052300
475,True,True,-1.000000,1.000000,782.729980,-328.229980,18.330000,-410.199982,-2263.109863,8.110000,-0.006730,-0.005252,0.788665,-0.614764,0.000000,0.000000,-2.052300
476,True,True,-1.000000,1.000000,779.289978,-347.160004,18.330000,-448.839996,-2255.760010,8.110000,-0.006773,-0.005193,0.793892,-0.607999,0.000000,0.000000,-2.052300
477,True,True,-1.000000,1.000000,775.529968,-366.019989,18.330000,-487.349976,-2247.750000,8.110000,-0.006816,-0.005133,0.799064,-0.601185,0.000000,0.000000,-2.052300
478,True,True,-1.000000,1.000000,771.450012,-384.819977,18.330000,-525.719971,-2239.089844,8.110000,-0.006860,-0.005074,0.804177,-0.594328,0.000000,0.000000,-2.052300
479,True,True,-1.000000,1.000000,767.049988,-403.539978,18.330000,-563.940002,-2229.770020,8.110000,-0.006903,-0.005014,0.809231,-0.587428,0.000000,0.000000,-2.052300
480,True,True,-1.000000,1.000000,762.329956,-422.190002,18.330000,-601.989990,-2219.800049,8.110000,-0.006946,-0.004955,0.814226,-0.580485,0.000000,0.000000,-2.052300
481,True,True,-1.000000,1.000000,757.289978,-440.750000,18.330000,-639.869995,-2209.179932,8.110000,-0.006989,-0.004896,0.819162,-0.573499,0.000000,0.000000,-2.052300
482,True,True,-1.000000,1.000000,751.929993,-459.220001,18.330000,-677.559998,-2197.909912,8.110000,-0.007032,-0.004836,0.824035,-0.566475,0.000000,0.000000,-2.052300
483,True,True,-1.000000,1.000000,746.260010,-477.599976,18.330000,-715.049988,-2186.000000,8.110000,-0.007075,-0.004777,0.828849,-0.559407,0.000000,0.000000,-2.052300
484,True,True,-1.000000,1.000000,740.279968,-495.879974,18.330000,-752.329956,-2173.449951,8.110000,-0.007118,-0.004718,0.833604,-0.552297,0.000000,0.000000,-2.052300
485,True,True,-1.000000,1.000000,733.979980,-514.059998,18.330000,-789.389954,-2160.270020,8.110000,-0.007156,-0.004658,0.838296,-0.545149,0.000000,0.000000,-2.052300
486,True,True,-1.000000,1.000000,727.369995,-532.130005,18.330000,-826.219971,-2146.449951,8.110000,-0.007194,-0.004599,0.842929,-0.537958,0.000000,0.000000,-2.052300
487,True,True,-1.000000,1.000000,720.459961,-550.080017,18.330000,-862.809998,-2132.010010,8.110000,-0.007232,-0.004540,0.847499,-0.530729,0.000000,0.000000,-2.052300
488,True,True,-1.000000,1.000000,713.239990,-567.909973,18.330000,-899.149963,-2116.939941,8.110000,-0.007270,-0.004480,0.852006,-0.523462,0.000000,0.000000,-2.052300
489,True,True,-1.000000,1.000000,705.719971,-585.609985,18.330000,-935.229980,-2101.250000,8.110000,-0.007307,-0.004416,0.856451,-0.516157,-0.000100,-0.000100,-2.052300
490,True,True,-1.000000,1.000000,697.890015,-603.179993,18.330000,-971.029968,-2084.949951,8.110000,-0.007345,-0.004351,0.860834,-0.508815,-0.000100,-0.000100,-2.052300
491,True,True,-1.000000,1.000000,689.760010,-620.609985,18.330000,-1006.549988,-2068.030029,8.110000,-0.007383,-0.004286,0.865153,-0.501435,-0.000100,-0.000100,-2.052300
492,True,True,-1.000000,1.000000,681.339966,-637.899963,18.330000,-1041.770020,-2050.510010,8.110000,-0.007421,-0.004221,0.869410,-0.494017,-0.000100,-0.000100,-2.052300
493,True,True,-1.000000,1.000000,672.619995,-655.049988,18.330000,-1076.689941,-2032.399902,8.110000,-0.007458,-0.004157,0.873602,-0.486567,-0.000100,0.000000,-2.052300
494,True,True,-1.000000,1.000000,663.609985,-672.049988,18.330000,-1111.289917,-2013.689941,8.110000,-0.007491,-0.004092,0.877730,-0.479079,-0.000100,0.000000,-2.052300
495,True,True,-1.000000,1.000000,654.309998,-688.890015,18.330000,-1145.569946,-1994.390015,8.110000,-0.007523,-0.004027,0.881796,-0.471553,0.000000,0.000000,-2.052300
496,True,True,-1.000000,1.000000,644.729980,-705.570007,18.330000,-1179.510010,-1974.500000,8.110000,-0.007555,-0.003962,0.885797,-0.463995,0.000000,0.000000,-2.052300
497,True,True,-1.000000,1.000000,634.859985,-722.079956,18.330000,-1213.109985,-1954.039917,8.110000,-0.007588,-0.003898,0.889732,-0.456404,0.000000,0.000000,-2.052300
498,True,True,-1.000000,1.000000,624.709961,-738.419983,18.330000,-1246.349976,-1933.010010,8.110000,-0.007620,-0.003833,0.893601,-0.448781,0.000000,0.000000,-2.052300
499,True,True,-1.000000,1.000000,614.279968,-754.579956,18.330000,-1279.229980,-1911.409912,8.110000,-0.007653,-0.003768,0.897405,-0.441126,0.000000,0.000000,-2.052300
