frame,input.bJump,input.bJumped,input.bActivateBoost,input.bHoldingBoost,input.Yaw,input.Roll,car.Location.X,car.Location.Y,car.Location.Z,car.LinearVelocity.X,car.LinearVelocity.Y,car.LinearVelocity.Z,car.Quaternion.X,car.Quaternion.Y,car.Quaternion.Z,car.Quaternion.W,car.AngularVelocity.X,car.AngularVelocity.Y,car.AngularVelocity.Z
0,False,False,False,False,0.000000,0.000000,0.340000,0.000000,18.330000,0.000000,0.000000,8.400000,0.000003,0.008548,0.000003,0.999963,0.000000,-0.000300,0.000000
1,True,True,False,False,0.000000,1.000000,0.380000,0.000000,20.859999,-1.370000,0.000000,304.049988,0.000003,0.008548,0.000003,0.999963,0.000000,0.000200,0.000000
2,True,True,False,False,0.000000,1.000000,0.370000,0.000000,23.430000,0.310000,0.000000,308.070007,0.000003,0.008548,0.000003,0.999963,0.000000,0.000000,0.000000
3,True,True,False,False,0.000000,1.000000,0.370000,0.000000,26.029999,-0.130000,0.000000,312.089996,0.000003,0.008548,0.000003,0.999963,0.000000,0.000000,0.000000
4,True,True,False,False,0.000000,1.000000,0.370000,0.000000,28.660000,-0.020000,0.000000,316.109985,0.000003,0.008548,0.000003,0.999963,0.000000,0.000000,0.000000
5,True,True,False,False,0.000000,1.000000,0.370000,0.000000,31.330000,-0.040000,0.000000,320.130005,0.000003,0.008548,0.000003,0.999963,0.000000,0.000000,0.000000
6,True,True,False,False,0.000000,1.000000,0.370000,0.000000,34.029999,0.160000,0.000000,324.149994,0.000003,0.008548,0.000003,0.999963,0.000000,0.000000,0.000000
7,True,True,False,False,0.000000,1.000000,0.370000,0.000000,36.790001,0.360000,0.000000,330.880005,-0.001330,0.008548,0.000013,0.999963,-0.319500,0.000000,0.005400
8,True,True,False,False,0.000000,1.000000,0.370000,0.000000,39.599998,0.560000,0.030000,337.609985,-0.003941,0.008548,0.000035,0.999956,-0.626200,0.000000,0.010600
9,True,True,False,False,0.000000,1.000000,0.380000,0.000000,42.469997,0.760000,0.120000,344.339996,-0.007777,0.008548,0.000067,0.999933,-0.920700,0.000000,0.015600
10,True,True,False,False,0.000000,1.000000,0.390000,0.000000,45.399998,0.960000,0.300000,351.070007,-0.012794,0.008548,0.000111,0.999882,-1.203400,0.000000,0.020400
11,True,True,False,False,0.000000,1.000000,0.400000,0.010000,48.379997,1.160000,0.610000,357.799988,-0.018939,0.008548,0.000165,0.999784,-1.474800,0.000000,0.025000
12,True,True,False,False,0.000000,1.000000,0.410000,0.020000,51.419998,1.360000,1.070000,364.519989,-0.026168,0.008548,0.000224,0.999621,-1.735400,0.000000,0.029400
13,True,True,False,False,0.000000,1.000000,0.420000,0.030000,54.509998,1.560000,1.700000,371.229980,-0.034438,0.008548,0.000294,0.999370,-1.985600,0.000000,0.033600
14,True,True,False,False,0.000000,1.000000,0.430000,0.050000,57.660000,1.760000,2.530000,377.929993,-0.043706,0.008543,0.000370,0.999008,-2.225800,0.000000,0.037700
15,True,True,False,False,0.000000,1.000000,0.450000,0.080000,60.869999,1.960000,3.590000,384.609985,-0.053929,0.008537,0.000456,0.998508,-2.456400,0.000000,0.041600
16,True,True,False,False,0.000000,1.000000,0.470000,0.120000,64.129997,2.160000,4.890000,391.269989,-0.065070,0.008532,0.000548,0.997844,-2.677800,0.000000,0.045300
17,True,True,False,False,0.000000,1.000000,0.490000,0.170000,67.449997,2.360000,6.460000,397.899994,-0.077084,0.008527,0.000650,0.996988,-2.890300,0.000000,0.048900
18,True,True,False,False,0.000000,1.000000,0.510000,0.240000,70.820000,2.560000,8.320000,404.479980,-0.089934,0.008516,0.000758,0.995911,-3.094300,0.000000,0.052300
19,True,True,False,False,0.000000,1.000000,0.530000,0.330000,74.250000,2.760000,10.490000,411.009979,-0.103583,0.008505,0.000871,0.994584,-3.290200,0.000000,0.055600
20,True,True,False,False,0.000000,1.000000,0.550000,0.440000,77.729996,2.960000,12.990000,417.479980,-0.117987,0.008489,0.000990,0.992978,-3.478200,0.000000,0.058800
21,False,False,False,False,0.000000,1.000000,0.570000,0.550000,81.159996,2.960000,12.990000,412.059998,-0.133114,0.008473,0.001114,0.991064,-3.658700,0.000000,0.061800
22,False,False,False,False,0.000000,1.000000,0.590000,0.660000,84.549995,2.960000,12.990000,406.639984,-0.148921,0.008451,0.001244,0.988812,-3.832000,0.000000,0.064700
23,False,False,False,False,0.000000,1.000000,0.610000,0.770000,87.889999,2.960000,12.990000,401.220001,-0.165375,0.008429,0.001378,0.986194,-3.998400,0.000000,0.067500
24,False,False,False,False,0.000000,1.000000,0.630000,0.880000,91.189995,2.960000,12.990000,395.799988,-0.182439,0.008402,0.001519,0.983180,-4.158200,0.000000,0.070200
25,False,False,False,False,0.000000,1.000000,0.650000,0.990000,94.439995,2.960000,12.990000,390.380005,-0.200075,0.008375,0.001664,0.979743,-4.311600,0.000000,0.072800
26,False,False,False,False,0.000000,1.000000,0.670000,1.100000,97.650002,2.960000,12.990000,384.959991,-0.218245,0.008343,0.001815,0.975857,-4.458800,0.000000,0.075300
27,False,False,False,False,0.000000,1.000000,0.690000,1.210000,100.809998,2.960000,12.990000,379.539978,-0.236911,0.008305,0.001972,0.971494,-4.600200,0.000000,0.077700
28,False,False,False,False,0.000000,1.000000,0.710000,1.320000,103.930000,2.960000,12.990000,374.119995,-0.256035,0.008262,0.002134,0.966630,-4.735900,0.000000,0.080000
29,False,False,False,False,0.000000,1.000000,0.730000,1.430000,107.000000,2.960000,12.990000,368.699982,-0.275586,0.008214,0.002295,0.961239,-4.866200,0.000000,0.082200
30,False,False,False,False,0.000000,1.000000,0.750000,1.540000,110.029999,2.960000,12.990000,363.279999,-0.295520,0.008165,0.002463,0.955298,-4.991300,0.000000,0.084300
31,False,False,False,False,0.000000,1.000000,0.770000,1.650000,113.009995,2.960000,12.990000,357.859985,-0.315799,0.008111,0.002630,0.948788,-5.111400,0.000000,0.086300
32,False,False,False,False,0.000000,1.000000,0.790000,1.760000,115.949997,2.960000,12.990000,352.440002,-0.336386,0.008052,0.002803,0.941686,-5.226700,0.000000,0.088200
33,False,False,False,False,0.000000,1.000000,0.810000,1.870000,118.839996,2.960000,12.990000,347.019989,-0.357247,0.007987,0.002975,0.933971,-5.337400,0.000000,0.090100
34,False,False,False,False,0.000000,1.000000,0.830000,1.980000,121.689995,2.960000,12.990000,341.600006,-0.378341,0.007917,0.003153,0.925627,-5.443700,0.000000,0.091900
35,False,False,False,False,0.000000,1.000000,0.850000,2.090000,124.489998,2.960000,12.990000,336.179993,-0.399629,0.007841,0.003331,0.916637,-5.499200,0.000000,0.092800
36,False,False,False,False,0.000000,1.000000,0.870000,2.200000,127.250000,2.960000,12.990000,330.759979,-0.420906,0.007760,0.003509,0.907064,-5.499200,0.000000,0.092800
37,False,False,False,False,0.000000,1.000000,0.890000,2.310000,129.959991,2.960000,12.990000,325.339996,-0.441951,0.007674,0.003682,0.896999,-5.499200,0.000000,0.092800
38,False,False,False,False,0.000000,1.000000,0.910000,2.420000,132.629990,2.960000,12.990000,319.919983,-0.462759,0.007582,0.003855,0.886443,-5.499200,0.000000,0.092800
39,False,False,False,False,0.000000,1.000000,0.930000,2.530000,135.250000,2.960000,12.990000,314.500000,-0.483314,0.007491,0.004027,0.875406,-5.499200,0.000000,0.092800
40,False,False,False,False,0.000000,1.000000,0.950000,2.640000,137.830002,2.960000,12.990000,309.079987,-0.503603,0.007394,0.004194,0.863893,-5.499200,0.000000,0.092800
41,False,False,False,False,0.000000,1.000000,0.970000,2.750000,140.360001,2.960000,12.990000,303.660004,-0.523624,0.007291,0.004362,0.851907,-5.499200,0.000000,0.092800
42,False,False,False,False,0.000000,1.000000,0.990000,2.860000,142.849991,2.960000,12.990000,298.239990,-0.543358,0.007183,0.004524,0.839458,-5.499200,0.000000,0.092800
43,False,False,False,False,0.000000,1.000000,1.010000,2.970000,145.289993,2.960000,12.990000,292.820007,-0.562795,0.007075,0.004685,0.826553,-5.499200,0.000000,0.092800
44,False,False,False,False,0.000000,1.000000,1.030000,3.080000,147.690002,2.960000,12.990000,287.399994,-0.581925,0.006962,0.004847,0.813198,-5.499200,0.000000,0.092800
45,False,False,False,False,0.000000,1.000000,1.050000,3.190000,150.039993,2.960000,12.990000,281.979980,-0.600737,0.006843,0.005004,0.799402,-5.499200,0.000000,0.092800
46,False,False,False,False,0.000000,1.000000,1.070000,3.300000,152.339996,2.960000,12.990000,276.559998,-0.619225,0.006719,0.005160,0.785168,-5.499200,0.000000,0.092800
47,False,False,False,False,0.000000,1.000000,1.090000,3.410000,154.599991,2.960000,12.990000,271.139984,-0.637373,0.006595,0.005311,0.770509,-5.499200,0.000000,0.092800
48,False,False,False,False,0.000000,1.000000,1.110000,3.520000,156.809998,2.960000,12.990000,265.720001,-0.655176,0.006466,0.005457,0.755429,-5.499200,0.000000,0.092800
49,False,False,False,False,0.000000,1.000000,1.130000,3.630000,158.979996,2.960000,12.990000,260.299988,-0.672623,0.006331,0.005603,0.739937,-5.499200,0.000000,0.092800
50,False,False,False,False,0.000000,1.000000,1.150000,3.740000,161.099991,2.960000,12.990000,254.879990,-0.689703,0.006196,0.005743,0.724043,-5.499200,0.000000,0.092800
51,False,False,False,False,0.000000,1.000000,1.170000,3.850000,163.179993,2.960000,12.990000,249.459991,-0.706405,0.006056,0.005883,0.707757,-5.499200,0.000000,0.092800
52,False,False,False,False,0.000000,1.000000,1.190000,3.960000,165.209991,2.960000,12.990000,244.039993,0.722725,-0.005915,-0.006018,-0.691084,-5.499200,0.000000,0.092800
53,False,False,False,False,0.000000,1.000000,1.210000,4.070000,167.199997,2.960000,12.990000,238.619995,0.738650,-0.005770,-0.006153,-0.674037,-5.499200,0.000000,0.092800
54,False,False,False,False,0.000000,1.000000,1.230000,4.180000,169.139999,2.960000,12.990000,233.199997,0.754173,-0.005619,-0.006282,-0.656622,-5.499200,0.000000,0.092800
55,False,False,False,False,0.000000,1.000000,1.250000,4.290000,171.039993,2.960000,12.990000,227.779999,0.769288,-0.005468,-0.006406,-0.638846,-5.499200,0.000000,0.092700
56,False,False,False,False,0.000000,1.000000,1.270000,4.400000,172.889999,2.960000,12.990000,222.360001,0.783983,-0.005311,-0.006530,-0.620725,-5.499200,0.000000,0.092600
57,False,False,False,False,0.000000,1.000000,1.290000,4.510000,174.699997,2.960000,12.990000,216.940002,0.798253,-0.005155,-0.006649,-0.602264,-5.499200,0.000000,0.092600
58,False,False,False,False,0.000000,1.000000,1.310000,4.620000,176.459991,2.960000,12.990000,211.519989,0.812088,-0.004993,-0.006762,-0.583474,-5.499200,0.000000,0.092600
59,False,False,False,False,0.000000,1.000000,1.330000,4.730000,178.179993,2.960000,12.990000,206.099991,0.825479,-0.004831,-0.006876,-0.564371,-5.499200,0.000000,0.092500
60,False,False,False,False,0.000000,1.000000,1.350000,4.840000,179.849991,2.960000,12.990000,200.679993,0.838420,-0.004664,-0.006984,-0.544960,-5.499200,0.000000,0.092500
61,False,False,False,False,0.000000,1.000000,1.370000,4.950000,181.479996,2.960000,12.990000,195.259995,0.850905,-0.004497,-0.007086,-0.525253,-5.499200,0.000000,0.092400
62,False,False,False,False,0.000000,1.000000,1.390000,5.060000,183.059998,2.960000,12.990000,189.839996,0.862927,-0.004329,-0.007183,-0.505260,-5.499200,0.000000,0.092400
63,False,False,False,False,0.000000,1.000000,1.410000,5.170000,184.599991,2.960000,12.990000,184.419998,0.874479,-0.004157,-0.007280,-0.484991,-5.499200,0.000000,0.092300
64,False,False,False,False,0.000000,1.000000,1.430000,5.280000,186.089996,2.960000,12.990000,179.000000,0.885555,-0.003984,-0.007372,-0.464459,-5.499200,0.000000,0.092300
65,False,False,False,False,0.000000,1.000000,1.450000,5.390000,187.539993,2.960000,12.990000,173.580002,0.896150,-0.003806,-0.007458,-0.443672,-5.499200,0.000000,0.092200
66,False,False,False,False,0.000000,1.000000,1.470000,5.500000,188.940002,2.960000,12.990000,168.160004,0.906257,-0.003628,-0.007539,-0.422643,-5.499200,0.000000,0.092200
67,False,False,False,False,0.000000,1.000000,1.490000,5.610000,190.300003,2.960000,12.990000,162.739990,0.915872,-0.003450,-0.007620,-0.401382,-5.499200,0.000000,0.092100
68,False,False,False,False,0.000000,1.000000,1.510000,5.720000,191.610001,2.960000,12.990000,157.319992,0.924987,-0.003267,-0.007696,-0.379906,-5.499200,0.000000,0.092100
69,False,False,False,False,0.000000,1.000000,1.530000,5.830000,192.879990,2.960000,12.990000,151.899994,0.933598,-0.003083,-0.007766,-0.358224,-5.499200,0.000000,0.092000
70,False,False,False,False,0.000000,1.000000,1.550000,5.940000,194.099991,2.960000,12.990000,146.479996,0.941703,-0.002900,-0.007831,-0.336343,-5.499200,0.000000,0.092000
71,True,True,False,False,0.000000,0.000000,1.540000,7.590000,193.399994,-0.770000,197.759995,-84.570000,0.948874,-0.002727,-0.007890,-0.315546,-5.279500,0.000000,0.088300
72,False,False,True,True,1.000000,0.000000,1.600000,9.240000,192.649994,7.490000,197.750000,-90.119995,0.955325,-0.002857,-0.008041,-0.295434,-5.069600,0.045400,0.024000
73,False,False,True,True,1.000000,0.000000,1.740000,10.889999,191.849991,16.299999,197.739990,-95.680000,0.961117,-0.003294,-0.008278,-0.275996,-4.868100,0.088100,-0.042000
74,False,False,True,True,1.000000,0.000000,1.950000,12.540000,191.009995,25.109999,197.720001,-101.250000,0.966304,-0.004043,-0.008597,-0.257228,-4.674700,0.128000,-0.109700
75,False,False,True,True,1.000000,0.000000,2.230000,14.190000,190.119995,33.919998,197.690002,-106.829994,0.970937,-0.005101,-0.008990,-0.239112,-4.489100,0.165100,-0.179000
76,False,False,True,True,1.000000,0.000000,2.590000,15.839999,189.179993,42.730000,197.639999,-112.419998,0.975062,-0.006471,-0.009454,-0.221638,-4.311000,0.199300,-0.249700
77,False,False,True,True,1.000000,0.000000,3.020000,17.490000,188.199997,51.539997,197.559998,-118.019997,0.978721,-0.008154,-0.009983,-0.204790,-4.140200,0.230600,-0.321700
78,False,False,True,True,1.000000,0.000000,3.520000,19.139999,187.169998,60.349998,197.449997,-123.629997,0.981953,-0.010150,-0.010566,-0.188557,-3.976300,0.259000,-0.394900
79,False,False,True,True,1.000000,0.000000,4.100000,20.779999,186.089996,69.159996,197.300003,-129.259995,0.984794,-0.012459,-0.011197,-0.172917,-3.819100,0.284600,-0.469200
80,False,False,True,True,1.000000,0.000000,4.750000,22.420000,184.970001,77.970001,197.110001,-134.899994,0.987276,-0.015087,-0.011871,-0.157855,-3.668300,0.307300,-0.544500
81,False,False,True,True,1.000000,0.000000,5.470000,24.059999,183.800003,86.779999,196.879990,-140.559998,0.989427,-0.018027,-0.012589,-0.143354,-3.523600,0.327100,-0.620700
82,False,False,True,True,1.000000,0.000000,6.270000,25.699999,182.580002,95.589996,196.589996,-146.239990,0.991275,-0.021285,-0.013333,-0.129397,-3.384900,0.344100,-0.697600
83,False,False,True,True,1.000000,0.000000,7.140000,27.340000,181.309998,104.389999,196.239990,-151.929993,0.992842,-0.024857,-0.014105,-0.115964,-3.251900,0.358400,-0.775200
84,False,False,True,True,1.000000,0.000000,8.080000,28.969999,180.000000,113.189995,195.830002,-157.639999,0.994150,-0.028746,-0.014898,-0.103038,-3.124400,0.369900,-0.853300
85,False,False,True,True,1.000000,0.000000,9.099999,30.599998,178.639999,121.989998,195.349991,-163.369995,0.995218,-0.032954,-0.015707,-0.090603,-3.002300,0.378800,-0.931900
86,False,False,True,True,1.000000,0.000000,10.190000,32.219997,177.229996,130.779999,194.789993,-169.110001,0.996061,-0.037475,-0.016527,-0.078643,-2.885300,0.385100,-1.010900
87,False,False,True,True,1.000000,0.000000,11.349999,33.840000,175.769989,139.559998,194.149994,-174.860001,0.996695,-0.042314,-0.017347,-0.067141,-2.773300,0.388800,-1.090200
88,False,False,True,True,1.000000,0.000000,12.590000,35.450001,174.259995,148.339996,193.419998,-180.629990,0.997131,-0.047472,-0.018167,-0.056082,-2.666100,0.390000,-1.169700
89,False,False,True,True,1.000000,0.000000,13.900000,37.059998,172.709991,157.110001,192.599991,-186.409988,0.997382,-0.052942,-0.018982,-0.045443,-2.563500,0.388800,-1.249400
90,False,False,True,True,1.000000,0.000000,15.280000,38.660000,171.110001,165.869995,191.679993,-192.199997,0.997456,-0.058731,-0.019785,-0.035215,-2.465400,0.385300,-1.329200
91,False,False,True,True,1.000000,0.000000,16.740000,40.250000,169.459991,174.619995,190.649994,-198.000000,0.997361,-0.064832,-0.020573,-0.025380,-2.371600,0.379500,-1.409000
92,False,False,True,True,1.000000,0.000000,18.270000,41.829998,167.759995,183.349991,189.509995,-203.800003,0.997103,-0.071252,-0.021345,-0.015923,-2.282000,0.371500,-1.488800
93,False,False,True,True,1.000000,0.000000,19.869999,43.399998,166.009995,192.069992,188.259995,-209.610001,0.996686,-0.077985,-0.022089,-0.006827,-2.196400,0.361400,-1.568600
94,False,False,True,True,1.000000,0.000000,21.539999,44.959999,164.209991,200.769989,186.889999,-215.419998,0.996115,-0.085030,-0.022807,0.001918,-2.114700,0.349300,-1.648200
95,False,False,True,True,1.000000,0.000000,23.289999,46.500000,162.369995,209.449997,185.389999,-221.229996,0.995392,-0.092389,-0.023492,0.010328,-2.036800,0.335300,-1.727700
96,False,False,True,True,1.000000,0.000000,25.109999,48.029999,160.479996,218.099991,183.759995,-227.039993,0.994519,-0.100055,-0.024139,0.018415,-1.962600,0.319400,-1.807000
97,False,False,True,True,1.000000,0.000000,27.000000,49.549999,158.539993,226.729996,181.989990,-232.839996,0.993494,-0.108034,-0.024743,0.026189,-1.892000,0.301800,-1.886100
98,False,False,True,True,1.000000,0.000000,28.959999,51.049999,156.550003,235.330002,180.080002,-238.639999,0.992318,-0.116320,-0.025304,0.033666,-1.824900,0.282500,-1.964900
99,False,False,True,True,1.000000,0.000000,30.990000,52.529999,154.509995,243.889999,178.019989,-244.429993,0.990990,-0.124909,-0.025817,0.040858,-1.761100,0.261500,-2.043500
100,False,False,True,True,1.000000,0.000000,33.090000,54.000000,152.419998,252.419998,175.809998,-250.199997,0.989507,-0.133805,-0.026281,0.047774,-1.700600,0.239000,-2.121800
101,False,False,True,True,1.000000,0.000000,35.259998,55.449997,150.289993,260.910004,173.449997,-255.959991,0.987864,-0.143003,-0.026685,0.054426,-1.643200,0.215100,-2.199700
102,False,False,True,True,1.000000,0.000000,37.500000,56.869999,148.110001,269.350006,170.929993,-261.699982,0.986060,-0.152498,-0.027036,0.060824,-1.588900,0.189800,-2.277300
103,False,False,True,True,1.000000,0.000000,39.809998,58.270000,145.879990,277.739990,168.239990,-267.419983,0.984088,-0.162295,-0.027322,0.066974,-1.537600,0.163200,-2.354600
104,False,False,True,True,1.000000,0.000000,42.189999,59.649998,143.599991,286.079987,165.389999,-273.109985,0.981943,-0.172383,-0.027549,0.072892,-1.489200,0.135400,-2.431500
105,False,False,True,True,1.000000,0.000000,44.639999,61.000000,141.279999,294.359985,162.360001,-278.779999,0.979620,-0.182763,-0.027705,0.078584,-1.443600,0.106400,-2.508000
106,False,False,True,True,1.000000,0.000000,47.160000,62.329998,138.910004,302.570007,159.160004,-284.419983,0.977111,-0.193434,-0.027797,0.084054,-1.400700,0.076400,-2.584100
107,False,False,True,True,1.000000,0.000000,49.750000,63.629997,136.489990,310.709991,155.779999,-290.019989,0.974409,-0.204391,-0.027813,0.089314,-1.360500,0.045400,-2.659900
108,False,False,True,True,1.000000,0.000000,52.410000,64.900002,134.029999,318.769989,152.220001,-295.589996,0.971508,-0.215628,-0.027759,0.094374,-1.322900,0.013400,-2.735300
109,False,False,True,True,1.000000,0.000000,55.129997,66.139999,131.520004,326.750000,148.470001,-301.119995,0.968399,-0.227141,-0.027624,0.099235,-1.287800,-0.019300,-2.810300
110,False,False,True,True,1.000000,0.000000,57.919998,67.339996,128.959991,334.639984,144.539993,-306.609985,0.965073,-0.238928,-0.027414,0.103907,-1.255100,-0.052800,-2.884900
111,False,False,True,True,1.000000,0.000000,60.770000,68.510002,126.360001,342.429993,140.419998,-312.049988,0.961519,-0.250986,-0.027122,0.108401,-1.224800,-0.087000,-2.959100
112,False,False,True,True,1.000000,0.000000,63.689999,69.639999,123.709999,350.119995,136.110001,-317.440002,0.957732,-0.263302,-0.026750,0.112717,-1.196800,-0.121900,-3.033000
113,False,False,True,True,1.000000,0.000000,66.669998,70.739998,121.019997,357.699982,131.599991,-322.779999,0.953700,-0.275877,-0.026292,0.116860,-1.171100,-0.157400,-3.106500
114,False,False,True,True,1.000000,0.000000,69.709999,71.799995,118.290001,365.160004,126.899994,-328.070007,0.949413,-0.288706,-0.025747,0.120836,-1.147600,-0.193400,-3.179600
115,False,False,True,True,1.000000,0.000000,72.809998,72.820000,115.509995,372.489990,122.009995,-333.299988,0.944860,-0.301778,-0.025116,0.124655,-1.126200,-0.229900,-3.252400
116,False,False,True,True,1.000000,0.000000,75.970001,73.790001,112.689995,379.690002,116.919998,-338.470001,0.940031,-0.315087,-0.024398,0.128318,-1.106800,-0.266800,-3.324800
117,False,False,True,True,1.000000,0.000000,79.189995,74.720001,109.829994,386.739990,111.639999,-343.570007,0.934917,-0.328628,-0.023589,0.131825,-1.089400,-0.304000,-3.396900
118,False,False,True,True,1.000000,0.000000,82.470001,75.599998,106.919998,393.639984,106.159996,-348.609985,0.929503,-0.342395,-0.022688,0.135186,-1.074000,-0.341500,-3.468700
119,False,False,True,True,1.000000,0.000000,85.809998,76.439995,103.970001,400.380005,100.489998,-353.579987,0.923779,-0.356379,-0.021695,0.138401,-1.060500,-0.379300,-3.540100
120,False,False,True,True,1.000000,0.000000,89.199997,77.229996,100.979996,406.949982,94.629997,-358.479980,0.917736,-0.370567,-0.020611,0.141476,-1.048800,-0.417300,-3.611200
121,False,False,True,True,1.000000,0.000000,92.639999,77.970001,97.949997,413.329987,88.570000,-363.299988,0.911360,-0.384955,-0.019435,0.144411,-1.038900,-0.455400,-3.682000
122,False,False,True,True,1.000000,0.000000,96.139999,78.659996,94.879997,419.519989,82.330002,-368.039978,0.904640,-0.399532,-0.018162,0.147211,-1.030700,-0.493600,-3.752500
123,False,False,True,True,1.000000,0.000000,99.689995,79.290001,91.769997,425.509979,75.900002,-372.699982,0.897564,-0.414287,-0.016797,0.149876,-1.024100,-0.531800,-3.822800
124,False,False,True,True,1.000000,0.000000,103.279999,79.869995,88.629997,431.289978,69.290001,-377.279999,0.890118,-0.429214,-0.015335,0.152412,-1.019200,-0.570100,-3.892800
125,False,False,True,True,1.000000,0.000000,106.919998,80.389999,85.449997,436.849976,62.500000,-381.779999,0.882293,-0.444298,-0.013776,0.154818,-1.015800,-0.608300,-3.962600
126,False,False,True,True,1.000000,0.000000,110.599998,80.849998,82.229996,442.179993,55.539997,-386.190002,0.874076,-0.459528,-0.012119,0.157094,-1.013900,-0.646400,-4.032100
127,False,False,True,True,1.000000,0.000000,114.329994,81.250000,78.979996,447.269989,48.419998,-390.519989,0.865455,-0.474892,-0.010366,0.159241,-1.013500,-0.684400,-4.101400
128,False,False,True,True,1.000000,0.000000,118.099998,81.589996,75.689995,452.099976,41.139999,-394.759979,0.856419,-0.490375,-0.008521,0.161265,-1.014500,-0.722300,-4.170500
129,False,False,True,True,1.000000,0.000000,121.909996,81.869995,72.369995,456.669983,33.700001,-398.910004,0.846955,-0.505966,-0.006579,0.163164,-1.016900,-0.760000,-4.239400
130,False,False,True,True,1.000000,0.000000,125.750000,82.089996,69.010002,460.970001,26.119999,-402.959991,0.837052,-0.521649,-0.004540,0.164938,-1.020600,-0.797400,-4.308200
131,False,False,True,True,1.000000,0.000000,129.619995,82.239998,65.619995,464.979980,18.400000,-406.919983,0.826698,-0.537413,-0.002409,0.166589,-1.025500,-0.834600,-4.376800
132,False,False,True,True,1.000000,0.000000,133.529999,82.330002,62.199997,468.699982,10.550000,-410.789978,0.815884,-0.553236,-0.000181,0.168116,-1.031600,-0.871500,-4.445200
133,False,False,True,True,1.000000,0.000000,137.459991,82.349998,58.750000,472.119995,2.580000,-414.559998,0.804597,-0.569107,0.002139,0.169519,-1.038900,-0.908100,-4.513500
134,False,False,True,True,1.000000,0.000000,141.419998,82.299995,55.259998,475.220001,-5.490000,-418.239990,0.792824,-0.585011,0.004551,0.170797,-1.047300,-0.944300,-4.581700
135,False,False,True,True,1.000000,0.000000,145.399994,82.189995,51.739998,478.000000,-13.650000,-421.829987,0.780558,-0.600926,0.007054,0.171952,-1.056800,-0.980200,-4.649800
136,False,False,True,True,1.000000,0.000000,149.399994,82.009995,48.200001,480.440002,-21.900000,-425.319977,0.767788,-0.616835,0.009649,0.172982,-1.067300,-1.015700,-4.717800
137,False,False,True,True,1.000000,0.000000,153.000000,81.860001,46.329998,431.919983,-18.299999,-255.369995,0.764081,-0.629416,0.010005,0.141120,3.779400,-3.517600,-1.895300
138,False,False,True,True,1.000000,0.000000,156.610001,81.639999,44.169998,433.739990,-26.750000,-259.079987,0.760702,-0.637719,0.010086,0.120604,3.656100,-3.403400,-1.980600
139,False,False,True,True,1.000000,0.000000,160.239990,81.349998,41.980000,435.380005,-35.279999,-263.000000,0.756673,-0.645913,0.010069,0.100697,3.540100,-3.290200,-2.065100
140,False,False,True,True,1.000000,0.000000,163.879990,80.979996,39.750000,436.829987,-43.879997,-267.130005,0.752023,-0.654016,0.009951,0.081394,3.431300,-3.177900,-2.148700
141,False,False,True,True,1.000000,0.000000,167.529999,80.540001,37.489998,438.099976,-52.539997,-271.470001,0.746776,-0.662044,0.009730,0.062680,3.329400,-3.066600,-2.231400
142,False,False,True,True,1.000000,0.000000,171.190002,80.029999,35.189999,439.169983,-61.239998,-275.979980,0.740964,-0.670001,0.009400,0.044532,3.236000,-2.958000,-2.312700
143,False,False,True,True,1.000000,0.000000,174.849991,79.449997,32.860001,439.630005,-69.959999,-279.279999,0.734648,-0.677867,0.009001,0.026599,3.203300,-2.910400,-2.378300
144,False,False,True,True,1.000000,0.000000,178.519989,78.790001,30.500000,439.869995,-78.689995,-282.669983,0.727841,-0.685635,0.008532,0.008845,3.180000,-2.870500,-2.442200
145,False,False,True,True,1.000000,0.000000,182.190002,78.059998,28.119999,439.889984,-87.419998,-286.169983,0.720550,-0.693301,0.008003,-0.008775,3.165200,-2.838000,-2.504500
146,False,False,True,True,1.000000,0.000000,185.659988,77.199997,26.680000,416.109985,-103.320000,-186.639999,0.710661,-0.703417,0.001745,0.012761,-2.255400,4.020500,-2.999700
147,False,False,True,True,1.000000,0.000000,188.550003,76.639999,27.869999,346.269989,-67.510002,84.629997,-0.704231,0.709923,0.001265,-0.008095,1.090800,0.059200,-2.205800
148,False,False,True,True,1.000000,0.000000,191.429993,76.000000,28.730000,346.100006,-76.349998,79.629997,-0.697472,0.716584,0.004464,-0.004578,1.045700,0.080400,-2.284500
149,False,False,True,True,1.000000,0.000000,194.309998,75.290001,29.349998,345.859985,-85.159996,74.209999,-0.690404,0.723379,0.007777,-0.001799,1.018900,0.076700,-2.360000
150,False,False,True,True,1.000000,0.000000,197.179993,74.510002,29.949999,344.899994,-93.389999,71.349998,-0.682997,0.730349,0.010231,0.000941,0.864900,-0.058000,-2.446600
151,False,False,True,True,1.000000,0.000000,200.050003,73.659996,30.500000,344.269989,-102.150002,65.949997,-0.675277,0.737448,0.012589,0.003612,0.834900,-0.061400,-2.522700
152,False,False,True,True,1.000000,0.000000,202.909988,72.739998,31.010000,343.359985,-110.759995,61.029999,-0.667234,0.744678,0.014687,0.006218,0.778300,-0.090100,-2.600900
153,False,False,True,True,1.000000,0.000000,205.759995,71.750000,31.480000,342.269989,-119.339996,56.070000,-0.658866,0.752027,0.016532,0.008753,0.722200,-0.116500,-2.679000
154,False,False,True,True,1.000000,0.000000,208.599991,70.680000,31.910000,340.989990,-127.879997,51.099998,-0.650164,0.759494,0.018124,0.011213,0.664800,-0.142300,-2.757100
155,False,False,True,True,1.000000,0.000000,211.429993,69.540001,32.290001,339.509979,-136.369995,46.119999,-0.641128,0.767067,0.019456,0.013598,0.606500,-0.167100,-2.835200
156,False,False,True,True,1.000000,0.000000,214.250000,68.330002,32.630001,337.829987,-144.809998,41.129997,-0.631752,0.774735,0.020530,0.015907,0.547400,-0.190900,-2.913200
157,False,False,True,True,1.000000,0.000000,217.049988,67.049995,32.930000,335.949982,-153.190002,36.139999,-0.622030,0.782492,0.021339,0.018135,0.487300,-0.213600,-2.991200
158,False,False,True,True,1.000000,0.000000,219.830002,65.699997,33.189999,333.859985,-161.509995,31.150000,-0.611958,0.790327,0.021889,0.020276,0.426600,-0.235100,-3.069100
159,False,False,True,True,1.000000,0.000000,222.589996,64.290001,33.410000,331.559998,-169.759995,26.160000,-0.601536,0.798226,0.022175,0.022332,0.365100,-0.255400,-3.146800
160,False,False,True,True,1.000000,0.000000,225.330002,62.809998,33.590000,329.049988,-177.929993,21.180000,-0.590751,0.806182,0.022192,0.024301,0.302900,-0.274500,-3.224400
161,False,False,True,True,1.000000,0.000000,228.049988,61.259998,33.730000,326.329987,-186.019989,16.209999,-0.579606,0.814181,0.021943,0.026178,0.240100,-0.292200,-3.301900
162,False,False,True,True,1.000000,0.000000,230.739990,59.639999,33.820000,323.389984,-194.009995,11.250000,-0.568093,0.822210,0.021426,0.027959,0.176700,-0.308500,-3.379200
163,False,False,True,True,1.000000,0.000000,233.409988,57.959999,33.869999,320.229980,-201.909988,6.310000,-0.556208,0.830257,0.020643,0.029642,0.112800,-0.323500,-3.456300
164,False,False,True,True,1.000000,0.000000,236.049988,56.209999,33.880001,316.850006,-209.699997,1.390000,-0.543946,0.838310,0.019591,0.031222,0.048300,-0.337000,-3.533200
165,False,False,True,True,1.000000,0.000000,238.649994,54.389999,33.889999,311.949982,-218.069992,-0.170000,-0.531263,0.846417,0.019241,0.031109,-0.026400,0.088300,-3.613200
166,False,False,True,True,1.000000,0.000000,241.220001,52.509998,33.840000,308.119995,-225.989990,-6.230000,-0.518186,0.854497,0.018917,0.031001,-0.019100,0.099600,-3.688300
167,False,False,True,True,1.000000,0.000000,243.750000,50.570000,33.750000,304.119995,-233.209991,-10.360000,-0.504731,0.862537,0.018054,0.030818,-0.134800,0.051800,-3.765400
168,False,False,True,True,1.000000,0.000000,246.250000,48.559998,33.619999,299.850006,-240.629990,-15.580000,-0.490882,0.870523,0.017007,0.030581,-0.176900,0.041400,-3.841000
169,False,False,True,True,1.000000,0.000000,248.709991,46.489998,33.459999,294.889984,-248.299988,-20.189999,-0.476629,0.878448,0.016241,0.029825,-0.176500,0.180900,-3.914400
170,False,False,True,True,1.000000,0.000000,251.129990,44.360001,33.259998,290.169983,-255.220001,-24.359999,-0.461982,0.886289,0.015054,0.028935,-0.276100,0.164800,-3.989600
171,False,False,True,True,1.000000,0.000000,253.500000,42.169998,33.009998,284.899994,-262.519989,-29.539999,-0.446931,0.894027,0.014062,0.027770,-0.263700,0.244800,-4.062900
172,False,False,True,True,1.000000,0.000000,255.830002,39.930000,32.739998,279.669983,-269.169983,-33.520000,-0.431480,0.901647,0.012707,0.026389,-0.357800,0.254400,-4.136300
173,False,False,True,True,1.000000,0.000000,258.119995,37.629997,32.419998,274.250000,-275.790009,-38.599998,-0.415625,0.909125,0.011170,0.024970,-0.399600,0.243900,-4.210800
174,False,False,True,True,1.000000,0.000000,260.350006,35.279999,32.070000,268.119995,-282.519989,-42.459999,-0.399370,0.916448,0.009848,0.023001,-0.407200,0.380200,-4.280000
175,False,False,True,True,1.000000,0.000000,262.529999,32.869999,31.679998,261.940002,-289.059998,-47.649998,-0.382700,0.923596,0.008694,0.020854,-0.385100,0.437600,-4.352700
176,False,False,True,True,1.000000,0.000000,264.660004,30.410000,31.260000,255.830002,-294.970001,-51.349998,-0.365642,0.930545,0.007194,0.018458,-0.478600,0.462600,-4.422500
177,False,False,True,True,1.000000,0.000000,266.739990,27.900000,30.799999,249.239990,-300.970001,-55.820000,-0.348179,0.937277,0.005770,0.015810,-0.484200,0.525100,-4.493000
178,False,False,True,True,1.000000,0.000000,268.759979,25.340000,30.299999,242.309998,-306.859985,-60.579998,-0.330306,0.943774,0.004572,0.012918,-0.452700,0.598900,-4.563800
179,False,False,True,True,1.000000,0.000000,270.720001,22.740000,29.769999,235.500000,-312.190002,-64.339996,-0.312044,0.950012,0.003159,0.009773,-0.518000,0.640000,-4.631500
180,False,False,True,True,1.000000,0.000000,272.619995,20.090000,29.199999,228.250000,-317.470001,-68.610001,-0.293389,0.955970,0.001848,0.006374,-0.513800,0.703900,-4.700500
181,False,False,True,True,1.000000,0.000000,274.459991,17.400000,28.590000,220.679993,-322.559998,-73.110001,-0.274335,0.961630,0.000774,0.002749,-0.475900,0.773100,-4.770500
182,False,False,True,True,1.000000,0.000000,276.229980,14.670000,27.939999,212.909988,-327.359985,-77.529999,-0.254886,0.966970,-0.000073,-0.001103,-0.437900,0.839000,-4.840200
183,False,False,True,True,1.000000,0.000000,277.839996,12.020000,28.209999,192.909988,-317.739990,14.190000,-0.238281,0.971180,-0.005306,-0.001551,-1.223300,-0.199500,-4.110300
184,False,False,True,True,1.000000,0.000000,279.359985,9.360000,28.480000,182.459991,-319.019989,21.629999,-0.221767,0.975083,-0.005629,-0.001206,-0.136700,-0.118800,-4.071200
185,False,False,True,True,1.000000,0.000000,280.809998,6.670000,28.670000,174.500000,-322.829987,16.250000,-0.204882,0.978768,-0.006066,-0.000893,-0.131100,-0.116800,-4.147100
186,False,False,True,True,1.000000,0.000000,282.199982,3.950000,28.789999,166.419998,-326.359985,10.870000,-0.187624,0.982219,-0.006568,-0.000607,-0.125600,-0.115100,-4.223000
187,False,False,True,True,1.000000,0.000000,283.519989,1.200000,28.849998,158.220001,-329.609985,5.480000,-0.169999,0.985419,-0.007097,-0.000337,-0.120200,-0.113800,-4.298900
188,False,False,True,True,1.000000,0.000000,284.769989,-1.570000,28.859999,149.830002,-332.470001,0.470000,-0.152018,0.988349,-0.007496,-0.000046,-0.084000,-0.115000,-4.371200
189,False,False,True,True,1.000000,0.000000,285.949982,-4.360000,28.830000,141.259995,-334.919983,-4.090000,-0.133708,0.990991,-0.007609,0.000316,-0.012900,-0.121600,-4.439200
190,False,False,True,True,1.000000,0.000000,287.059998,-7.170000,28.760000,132.599991,-337.039978,-8.620000,-0.115074,0.993329,-0.007437,0.000753,0.058200,-0.131400,-4.506800
191,False,False,True,True,1.000000,0.000000,288.089996,-9.990000,28.650000,123.849998,-338.820007,-13.110000,-0.096117,0.995345,-0.006973,0.001276,0.129800,-0.144400,-4.573800
192,False,False,True,True,1.000000,0.000000,289.040009,-12.830000,28.549999,113.930000,-340.829987,-14.190000,-0.076938,0.997021,-0.005473,0.000634,0.340000,0.143500,-4.621200
193,False,False,True,True,1.000000,0.000000,289.919983,-15.679999,28.400000,105.209999,-342.179993,-19.609999,-0.057414,0.998342,-0.004060,0.000035,0.326600,0.137100,-4.697000
194,False,False,True,True,1.000000,0.000000,290.720001,-18.529999,28.240000,95.939995,-342.289978,-21.580000,-0.037691,0.999288,-0.001589,-0.000094,0.579000,0.050500,-4.739700
195,False,False,True,True,1.000000,0.000000,291.449982,-21.389999,28.029999,87.040001,-342.759979,-26.269999,-0.017665,0.999843,0.000985,-0.000138,0.611000,0.028700,-4.808600
196,False,False,True,True,1.000000,0.000000,292.109985,-24.209999,27.920000,79.040001,-338.829987,-17.299999,0.002144,0.999996,0.000380,0.002042,-0.113700,-0.508100,-4.754600
197,False,False,True,True,1.000000,0.000000,292.720001,-27.039999,27.879999,73.040001,-339.829987,-12.719999,0.021868,0.999754,-0.003083,0.002069,-0.776400,-0.041600,-4.735900
198,False,False,True,True,1.000000,0.000000,293.229980,-29.869999,27.900000,61.579998,-339.549988,-9.349999,0.041640,0.999126,-0.003671,0.000030,-0.183400,0.422900,-4.749300
199,False,False,True,True,1.000000,0.000000,293.669983,-32.689999,27.840000,52.789997,-338.809998,-14.759999,0.061709,0.998083,-0.004275,-0.001864,-0.175500,0.411000,-4.825100
200,False,False,True,True,1.000000,0.000000,294.029999,-35.480000,27.889999,43.049999,-334.609985,-9.260000,0.081642,0.996659,-0.001422,-0.001664,0.585600,-0.046100,-4.796800
201,False,False,True,True,1.000000,0.000000,294.320007,-38.259998,27.849998,34.340000,-333.169983,-14.639999,0.101857,0.994797,0.001195,-0.001535,0.561400,-0.043900,-4.872600
202,False,False,True,True,1.000000,0.000000,294.549988,-40.989998,27.859999,27.070000,-328.139984,-8.300000,0.121909,0.992541,0.000602,0.000008,-0.118100,-0.327600,-4.842900
203,False,False,True,True,1.000000,0.000000,294.699982,-43.709999,27.799999,18.510000,-326.000000,-13.710000,0.142226,0.989833,0.000121,0.001465,-0.114700,-0.319600,-4.918700
204,False,False,True,True,1.000000,0.000000,294.790009,-46.419998,27.769999,11.200000,-325.419983,-11.710000,0.162419,0.986719,-0.002328,0.000904,-0.521300,0.165600,-4.904800
205,False,False,True,True,1.000000,0.000000,294.799988,-49.110001,27.769999,0.930000,-322.419983,-10.740000,0.182628,0.983178,-0.002495,-0.000850,-0.026700,0.371500,-4.925600
206,False,False,True,True,1.000000,0.000000,294.739990,-51.750000,27.799999,-7.610000,-316.619995,-7.320000,0.202724,0.979236,-0.000154,-0.000499,0.481100,-0.134800,-4.915100
207,False,False,True,True,1.000000,0.000000,294.609985,-54.360001,27.750000,-15.700000,-313.109985,-12.719999,0.223041,0.974807,0.002015,-0.000224,0.462000,-0.128400,-4.990900
208,False,False,True,True,1.000000,0.000000,294.429993,-56.919998,27.779999,-21.779999,-306.709991,-7.580000,0.243190,0.969977,0.001141,0.001006,-0.189800,-0.228000,-4.973600
209,False,False,True,True,1.000000,0.000000,294.190002,-59.449997,27.779999,-29.349998,-304.139984,-7.640000,0.263264,0.964723,-0.000866,0.000499,-0.409300,0.184000,-4.980600
210,False,False,True,True,1.000000,0.000000,293.869995,-61.939999,27.789999,-38.590000,-299.309998,-7.470000,0.283317,0.959026,-0.000887,-0.000844,0.045100,0.275600,-5.003600
211,False,False,True,True,1.000000,0.000000,293.489990,-64.379997,27.809999,-45.899998,-292.500000,-6.150000,0.303289,0.952898,0.000898,-0.000364,0.343500,-0.178500,-5.013600
212,False,False,True,True,1.000000,0.000000,293.059998,-66.760002,27.840000,-51.520000,-285.820007,-4.110000,0.323168,0.946341,0.000386,0.000526,-0.124300,-0.169600,-5.023900
213,False,False,True,True,1.000000,0.000000,292.570007,-69.110001,27.840000,-58.689999,-281.639984,-5.400000,0.342994,0.939337,-0.000904,0.000019,-0.241500,0.176000,-5.046200
214,False,False,True,True,1.000000,0.000000,292.019989,-71.409996,27.840000,-66.549995,-275.630005,-6.920000,0.362804,0.931865,-0.000758,-0.000958,0.076300,0.188500,-5.081800
215,False,False,True,True,1.000000,0.000000,291.410004,-73.639999,27.849998,-72.750000,-268.049988,-6.870000,0.382538,0.923939,0.000715,-0.000343,0.252700,-0.213200,-5.104000
216,False,False,True,True,1.000000,0.000000,290.769989,-75.809998,27.859999,-77.339996,-260.639984,-5.560000,0.402165,0.915567,0.000105,0.000467,-0.161200,-0.134400,-5.120700
217,False,False,True,True,1.000000,0.000000,290.070007,-77.939995,27.840000,-83.809998,-255.299988,-6.750000,0.421689,0.906740,-0.001211,-0.000208,-0.219700,0.237000,-5.141800
218,False,False,True,True,1.000000,0.000000,289.309998,-80.009995,27.830000,-90.669998,-248.069992,-7.930000,0.441126,0.897444,-0.000941,-0.001265,0.120600,0.193700,-5.172000
219,False,False,True,True,1.000000,0.000000,288.509979,-82.000000,27.840000,-95.479996,-239.360001,-7.270000,0.460423,0.887699,0.000634,-0.000461,0.237400,-0.278000,-5.188200
220,False,False,True,True,1.000000,0.000000,287.690002,-83.930000,27.859999,-98.579994,-231.220001,-5.410000,0.479548,0.877516,-0.000046,0.000353,-0.189700,-0.117300,-5.199700
221,False,False,True,True,1.000000,0.000000,286.820007,-85.799995,27.840000,-104.119995,-224.849991,-6.420000,0.498516,0.866879,-0.001330,-0.000429,-0.183100,0.275700,-5.218900
222,False,False,True,True,1.000000,0.000000,285.910004,-87.610001,27.830000,-109.689995,-216.599991,-7.520000,0.517344,0.855776,-0.000979,-0.001459,0.148500,0.174600,-5.246900
223,False,False,True,True,1.000000,0.000000,284.970001,-89.339996,27.849998,-112.959999,-207.179993,-6.900000,0.535989,0.844225,0.000494,-0.000537,0.181900,-0.306000,-5.263400
224,False,False,True,True,1.000000,0.000000,284.009979,-91.000000,27.859999,-114.649994,-198.679993,-5.240000,0.554417,0.832239,-0.000224,0.000186,-0.200800,-0.080000,-5.276100
225,False,False,True,True,1.000000,0.000000,283.019989,-92.579994,27.840000,-119.169998,-189.800003,-6.160000,0.572662,0.819790,0.000844,0.000623,0.126300,-0.213600,-5.300400
226,False,False,True,True,1.000000,0.000000,282.000000,-94.099998,27.809999,-122.820000,-182.050003,-8.849999,0.590762,0.806845,0.001314,-0.000046,0.176000,0.030600,-5.341100
227,False,False,True,True,1.000000,0.000000,280.970001,-95.549995,27.820000,-123.659996,-173.470001,-8.160000,0.608640,0.793446,-0.000003,-0.000607,-0.125800,0.255500,-5.362000
228,False,False,True,True,1.000000,0.000000,279.929993,-96.919998,27.809999,-125.079994,-163.839996,-8.870000,0.626309,0.779575,-0.000175,0.000434,-0.174500,-0.121600,-5.391500
229,False,False,True,True,1.000000,0.000000,278.859985,-98.220001,27.779999,-128.300003,-156.039993,-9.110000,0.643691,0.765285,-0.001065,-0.000736,-0.008900,0.313600,-5.400900
230,False,False,True,True,1.000000,0.000000,277.769989,-99.439995,27.740000,-130.660004,-146.580002,-10.700000,0.660841,0.750524,-0.000456,-0.001794,0.231800,0.131300,-5.431600
231,False,False,True,True,1.000000,0.000000,276.679993,-100.579994,27.760000,-130.199997,-136.289993,-8.780000,0.677667,0.735368,0.001082,-0.000332,0.067200,-0.428300,-5.435500
232,False,False,True,True,1.000000,0.000000,275.609985,-101.650002,27.789999,-128.470001,-127.930000,-5.890000,0.694143,0.719837,0.000067,0.000423,-0.263400,-0.020500,-5.434900
233,False,False,True,True,1.000000,0.000000,274.519989,-102.649994,27.779999,-130.209991,-119.669998,-6.210000,0.710296,0.703902,-0.001098,-0.000785,-0.024500,0.368200,-5.445400
234,False,False,True,True,1.000000,0.000000,273.429993,-103.559998,27.779999,-131.050003,-109.769997,-6.910000,0.726134,0.687551,-0.000483,-0.001740,0.228500,0.096400,-5.464200
235,False,False,True,True,1.000000,0.000000,272.350006,-104.389999,27.820000,-129.020004,-99.900002,-6.070000,0.741638,0.670800,0.000693,-0.000467,0.004000,-0.348200,-5.478600
236,False,False,True,True,1.000000,0.000000,271.299988,-105.159996,27.840000,-126.269997,-91.909996,-4.710000,0.756793,0.653655,-0.000159,0.000019,-0.202700,0.028600,-5.491100
237,False,False,True,True,1.000000,0.000000,270.250000,-105.839996,27.830000,-125.739998,-82.139999,-5.830000,0.771610,0.636095,0.000709,0.000688,-0.002300,-0.232600,-5.495000
238,False,False,True,True,1.000000,0.000000,269.229980,-106.459999,27.840000,-122.610001,-74.299995,-5.720000,0.786033,0.618184,-0.000165,0.000850,-0.142900,0.087000,-5.497400
239,False,False,True,True,1.000000,0.000000,268.220001,-107.009995,27.820000,-121.519997,-65.860001,-7.810000,0.800066,0.599912,-0.000925,-0.000332,0.074300,0.284600,-5.492100
240,False,False,True,True,1.000000,0.000000,267.220001,-107.479996,27.799999,-119.689995,-56.289997,-8.980000,0.813639,0.581370,-0.000127,-0.001033,0.226100,-0.008100,-5.495300
241,False,False,True,True,1.000000,0.000000,266.259979,-107.869995,27.799999,-115.059998,-47.340000,-8.150000,0.826768,0.562542,0.000920,0.000488,-0.109400,-0.372000,-5.486300
242,False,False,True,True,1.000000,0.000000,265.339996,-108.209999,27.820000,-110.159996,-40.700001,-5.950000,0.839417,0.543487,-0.000175,0.000909,-0.219800,0.102100,-5.489300
243,False,False,True,True,1.000000,0.000000,264.440002,-108.479996,27.820000,-107.970001,-32.610001,-6.620000,0.851657,0.524098,-0.001001,-0.000526,0.138100,0.326800,-5.488500
244,False,False,True,True,1.000000,0.000000,263.570007,-108.680000,27.809999,-104.529999,-23.430000,-7.340000,0.863452,0.504429,-0.000181,-0.001297,0.244300,-0.020700,-5.494500
245,False,False,True,True,1.000000,0.000000,262.750000,-108.809998,27.830000,-98.329994,-15.500000,-6.480000,0.874803,0.484479,0.000677,0.000192,-0.155500,-0.320500,-5.488400
246,False,False,True,True,1.000000,0.000000,261.979980,-108.889999,27.849998,-92.540001,-9.750000,-5.030000,0.885671,0.464313,-0.000305,0.000483,-0.175800,0.121100,-5.495800
247,False,False,True,True,1.000000,0.000000,261.239990,-108.909996,27.840000,-88.779999,-2.280000,-6.180000,0.896108,0.443834,-0.000904,-0.000844,0.175500,0.260400,-5.491000
248,False,False,True,True,1.000000,0.000000,260.540009,-108.860001,27.830000,-83.769997,5.970000,-7.320000,0.906063,0.423140,-0.000062,-0.001454,0.213100,-0.065900,-5.495400
249,False,False,True,True,1.000000,0.000000,259.899994,-108.759995,27.840000,-76.339996,12.590000,-6.830000,0.915543,0.402219,0.000618,0.000078,-0.208800,-0.274300,-5.489100
250,False,False,True,True,1.000000,0.000000,259.320007,-108.619995,27.849998,-69.729996,17.180000,-5.540000,0.924519,0.381136,-0.000391,0.000272,-0.149200,0.156900,-5.495700
251,False,False,True,True,1.000000,0.000000,258.779999,-108.419998,27.830000,-64.720001,23.789999,-6.590000,0.933031,0.359794,-0.000877,-0.001146,0.229000,0.231400,-5.490300
252,False,False,True,True,1.000000,0.000000,258.290009,-108.159996,27.820000,-58.359997,31.029999,-7.560000,0.941042,0.338285,0.000057,-0.001702,0.206300,-0.107100,-5.495000
253,False,False,True,True,1.000000,0.000000,257.869995,-107.860001,27.840000,-49.809998,36.099998,-6.890000,0.948562,0.316592,0.000618,-0.000062,-0.262200,-0.239000,-5.488500
254,False,False,True,True,1.000000,0.000000,257.519989,-107.529999,27.849998,-42.590000,39.360001,-5.500000,0.955563,0.294786,-0.000413,0.000051,-0.121700,0.183500,-5.495500
255,False,False,True,True,1.000000,0.000000,257.229980,-107.149994,27.840000,-35.349998,45.750000,-6.150000,0.962077,0.272775,0.000159,0.001055,-0.180000,-0.167800,-5.494400
256,False,False,True,True,1.000000,0.000000,256.989990,-106.729996,27.809999,-28.559999,50.750000,-8.860000,0.968112,0.250516,0.000947,0.000833,0.063000,-0.165900,-5.497100
257,False,False,True,True,1.000000,0.000000,256.809998,-106.290001,27.809999,-21.000000,53.270000,-8.380000,0.973612,0.228209,0.000267,-0.000423,0.221600,0.177000,-5.492600
258,False,False,True,True,1.000000,0.000000,256.709991,-105.820000,27.789999,-11.929999,56.430000,-9.170000,0.978605,0.205745,-0.000548,0.000272,-0.155100,0.150400,-5.495700
259,False,False,True,True,1.000000,0.000000,256.669983,-105.309998,27.760000,-5.190000,60.879997,-9.220000,0.983064,0.183259,-0.000494,-0.001249,0.311600,0.073000,-5.490600
260,False,False,True,True,1.000000,0.000000,256.699982,-104.769997,27.730000,3.190000,65.250000,-10.599999,0.987013,0.160628,0.000677,-0.001702,0.182100,-0.202200,-5.493200
261,False,False,True,True,1.000000,0.000000,256.809998,-104.220001,27.750000,13.120000,66.519997,-8.710000,0.990435,0.137975,0.000931,0.000402,-0.405300,-0.146800,-5.483000
262,False,False,True,True,1.000000,0.000000,256.979980,-103.659996,27.779999,20.719999,66.720001,-6.190000,0.993327,0.115328,-0.000348,0.000343,-0.071000,0.257900,-5.479900
263,False,False,True,True,1.000000,0.000000,257.209991,-103.079994,27.779999,28.109999,69.790001,-6.320000,0.995703,0.092589,-0.000477,-0.001378,0.363300,0.097500,-5.487100
264,False,False,True,True,1.000000,0.000000,257.519989,-102.470001,27.779999,37.180000,72.849998,-6.770000,0.997562,0.069758,0.000628,-0.001756,0.147500,-0.208200,-5.494000
265,False,False,True,True,1.000000,0.000000,257.910004,-101.869995,27.820000,46.899998,72.500000,-5.970000,0.998902,0.046841,0.000720,-0.000035,-0.338300,-0.069000,-5.489100
266,False,False,True,True,1.000000,0.000000,258.369995,-101.259995,27.779999,55.680000,73.320000,-11.370000,0.999718,0.023670,0.000839,0.001529,-0.319900,-0.065800,-5.490200
267,False,False,True,True,1.000000,0.000000,258.899994,-100.659996,27.789999,63.090000,71.869995,-9.010000,0.999999,0.000801,-0.000364,0.000898,0.086300,0.246900,-5.489000
268,False,False,True,True,1.000000,0.000000,259.489990,-100.049995,27.760000,70.989998,73.019997,-9.550000,0.999754,-0.022127,-0.000305,-0.001082,0.434100,0.013100,-5.482800
269,False,False,True,True,1.000000,0.000000,260.160004,-99.430000,27.740000,80.589996,74.250000,-8.940000,0.998988,-0.044947,0.001044,-0.001341,0.097000,-0.287700,-5.480500
270,False,False,True,True,1.000000,0.000000,260.910004,-98.839996,27.769999,89.930000,71.339996,-7.040000,0.997700,-0.067772,0.000958,0.000736,-0.425700,0.004900,-5.483400
271,False,False,True,True,1.000000,0.000000,261.720001,-98.269997,27.809999,96.939995,68.610001,-4.760000,0.995892,-0.090544,-0.000165,0.000429,0.032400,0.236200,-5.482800
272,False,False,True,True,1.000000,0.000000,262.589996,-97.699997,27.809999,104.879997,68.229996,-5.450000,0.993556,-0.113337,0.000019,-0.001065,0.325900,-0.047200,-5.490100
273,False,False,True,True,1.000000,0.000000,263.540009,-97.139999,27.799999,114.229996,67.349998,-6.380000,0.990693,-0.136109,0.001033,-0.001173,0.039300,-0.220400,-5.495400
274,False,False,True,True,1.000000,0.000000,264.559998,-96.610001,27.830000,122.759995,63.289997,-6.200000,0.987302,-0.158853,0.000758,0.000413,-0.312300,0.073500,-5.490600
275,False,False,True,True,1.000000,0.000000,265.639984,-96.110001,27.849998,129.559998,59.570000,-5.480000,0.983399,-0.181457,-0.000148,0.000013,0.079600,0.187800,-5.496200
276,False,False,True,True,1.000000,0.000000,266.779999,-95.629997,27.830000,137.279999,57.599998,-6.610000,0.978966,-0.204018,0.000192,-0.001362,0.291700,-0.111400,-5.491100
277,False,False,True,True,1.000000,0.000000,268.000000,-95.169998,27.809999,146.270004,55.029999,-7.620000,0.974024,-0.226439,0.001244,-0.001319,-0.014600,-0.226600,-5.495300
278,False,False,True,True,1.000000,0.000000,269.279999,-94.759995,27.830000,153.830002,49.419998,-7.180000,0.968561,-0.248774,0.000785,0.000364,-0.319700,0.144300,-5.488800
279,False,False,True,True,1.000000,0.000000,270.609985,-94.389999,27.840000,159.690002,44.459999,-5.930000,0.962608,-0.270898,-0.000165,-0.000132,0.122200,0.188700,-5.495400
280,False,False,True,True,1.000000,0.000000,272.009979,-94.049995,27.820000,168.379990,40.799999,-6.330000,0.956140,-0.292909,-0.000224,0.001039,-0.232300,0.094000,-5.494200
281,False,False,True,True,1.000000,0.000000,273.459991,-93.759995,27.830000,174.019989,35.380001,-6.000000,0.949159,-0.314796,-0.000866,0.000348,0.147900,0.099200,-5.497100
282,False,False,True,True,1.000000,0.000000,274.970001,-93.500000,27.820000,180.860001,31.150000,-7.850000,0.941654,-0.336580,-0.000289,-0.001001,0.245900,-0.184500,-5.491300
283,False,False,True,True,1.000000,0.000000,276.540009,-93.279999,27.799999,188.849991,26.269999,-8.690000,0.933683,-0.358100,0.000769,-0.000742,-0.092700,-0.213300,-5.495000
284,False,False,True,True,1.000000,0.000000,278.160004,-93.119995,27.799999,194.489990,18.799999,-8.030000,0.925206,-0.379463,0.000073,0.000941,-0.292100,0.245000,-5.486700
285,False,False,True,True,1.000000,0.000000,279.820007,-93.019997,27.820000,198.610001,12.380000,-6.210000,0.916283,-0.400530,-0.000882,0.000262,0.181300,0.161700,-5.490800
286,False,False,True,True,1.000000,0.000000,281.519989,-92.959999,27.820000,204.489990,7.400000,-6.630000,0.906850,-0.421451,-0.000138,-0.001222,0.246200,-0.255900,-5.488500
287,False,False,True,True,1.000000,0.000000,283.279999,-92.949997,27.809999,211.529999,1.170000,-7.210000,0.896950,-0.442130,0.000968,-0.000974,-0.112500,-0.220000,-5.494400
288,False,False,True,True,1.000000,0.000000,285.079987,-93.009995,27.830000,215.679993,-7.170000,-6.570000,0.886551,-0.462630,0.000186,0.000531,-0.225000,0.267600,-5.488800
289,False,False,True,True,1.000000,0.000000,286.899994,-93.129997,27.840000,218.750000,-14.280000,-5.410000,0.875718,-0.482823,-0.000607,-0.000127,0.183500,0.114900,-5.495700
290,False,False,True,True,1.000000,0.000000,288.759979,-93.299995,27.830000,223.549988,-20.369999,-6.270000,0.864386,-0.502827,0.000192,-0.001373,0.171700,-0.267400,-5.490800
291,False,False,True,True,1.000000,0.000000,290.669983,-93.529999,27.820000,229.209991,-27.830000,-7.270000,0.852617,-0.522534,0.001184,-0.001006,-0.144000,-0.175300,-5.495300
292,False,False,True,True,1.000000,0.000000,292.600006,-93.839996,27.840000,231.830002,-36.719997,-6.930000,0.840372,-0.542009,0.000267,0.000386,-0.163900,0.299100,-5.489400
293,False,False,True,True,1.000000,0.000000,294.549988,-94.209999,27.849998,233.559998,-44.320000,-5.820000,0.827732,-0.561123,-0.000456,-0.000348,0.205700,0.076900,-5.495600
294,False,False,True,True,1.000000,0.000000,296.540009,-94.650002,27.840000,238.289993,-52.529999,-6.350000,0.814635,-0.579972,-0.000866,0.000742,-0.128100,0.211100,-5.494400
295,False,False,True,True,1.000000,0.000000,298.549988,-95.150002,27.809999,241.379990,-60.049999,-8.970000,0.801034,-0.598617,-0.000186,0.001238,-0.179900,-0.022500,-5.497000
296,False,False,True,True,1.000000,0.000000,300.570007,-95.720001,27.809999,242.179993,-67.909996,-8.400000,0.787071,-0.616862,0.000370,-0.000084,0.126300,-0.256600,-5.492500
297,False,False,True,True,1.000000,0.000000,302.600006,-96.360001,27.789999,243.049988,-77.029999,-9.309999,0.772654,-0.634827,-0.000682,-0.000316,0.186300,0.116500,-5.495600
298,False,False,True,True,1.000000,0.000000,304.639984,-97.059998,27.769999,245.349991,-84.089996,-9.070000,0.757880,-0.652393,0.000553,-0.001233,0.004700,-0.320800,-5.490600
299,False,False,True,True,1.000000,0.000000,306.709991,-97.839996,27.740000,247.809998,-93.180000,-10.440000,0.742694,-0.669629,0.001637,-0.000612,-0.235500,-0.134800,-5.493200
300,False,False,True,True,1.000000,0.000000,308.769989,-98.689995,27.789999,246.709991,-102.549995,-8.750000,0.727141,-0.686488,0.000181,0.000979,-0.048500,0.419700,-5.483700
301,False,False,True,True,1.000000,0.000000,310.809998,-99.610001,27.809999,245.189987,-110.159996,-6.330000,0.711274,-0.702915,-0.000580,-0.000030,0.267200,0.014400,-5.481800
302,False,False,True,True,1.000000,0.000000,312.859985,-100.589996,27.799999,246.099991,-117.519997,-6.210000,-0.694990,0.719018,-0.000661,0.001184,0.013300,-0.369100,-5.487500
303,False,False,True,True,1.000000,0.000000,314.919983,-101.650002,27.799999,247.000000,-127.129997,-6.810000,-0.678331,0.734755,-0.001632,0.000569,-0.232400,-0.097000,-5.494200
304,False,False,True,True,1.000000,0.000000,316.959991,-102.779999,27.859999,244.489990,-136.119995,-6.160000,-0.661267,0.750150,-0.000359,-0.000666,0.011000,0.340800,-5.489400
305,False,False,True,True,1.000000,0.000000,318.979980,-103.979996,27.869999,241.879990,-143.639999,-5.100000,-0.643901,0.765109,0.000132,0.000186,0.205800,-0.034200,-5.496000
306,False,False,True,True,1.000000,0.000000,320.989990,-105.259995,27.849998,241.319992,-153.279999,-6.040000,-0.626152,0.779700,0.000812,-0.000682,0.005800,0.236800,-5.494800
307,False,False,True,True,1.000000,0.000000,322.979980,-106.599998,28.109999,238.369995,-161.039993,3.200000,-0.608414,0.793619,0.000823,-0.000472,0.037300,-0.011300,-5.410600
308,False,False,True,True,1.000000,0.000000,324.949982,-108.009995,28.109999,236.209991,-169.399994,-1.520000,-0.590136,0.807303,0.000634,-0.000310,-0.006600,-0.048300,-5.479100
309,False,False,True,True,1.000000,0.000000,326.899994,-109.489998,28.070000,233.689987,-177.629990,-6.160000,-0.571325,0.820724,0.000197,-0.000148,-0.055100,-0.084800,-5.499000
310,False,False,True,True,1.000000,0.000000,328.820007,-111.040001,28.000000,230.250000,-185.459991,-9.660000,-0.552173,0.833729,-0.000364,0.000526,-0.021000,-0.195500,-5.496400
311,False,False,True,True,1.000000,0.000000,330.709991,-112.659996,27.939999,227.349991,-194.809998,-10.580000,-0.532865,0.846200,-0.000569,-0.000353,-0.147700,0.125700,-5.496500
312,False,False,True,True,1.000000,0.000000,332.559998,-114.349998,27.900000,222.069992,-202.440002,-10.969999,-0.513239,0.858244,0.001055,-0.001405,0.165800,0.385100,-5.483900
313,False,False,True,True,1.000000,0.000000,334.359985,-116.079994,27.900000,216.470001,-208.059998,-7.790000,-0.493526,0.869730,0.001427,-0.000094,0.229000,-0.166400,-5.475500
314,False,False,True,True,1.000000,0.000000,336.139984,-117.869995,27.889999,213.399994,-214.690002,-7.450000,-0.473500,0.880793,-0.000240,0.000807,-0.201800,-0.363900,-5.484200
315,False,False,True,True,1.000000,0.000000,337.880005,-119.729996,27.869999,208.699997,-223.619995,-7.570000,-0.453205,0.891406,-0.001098,-0.000073,-0.273600,0.049200,-5.492900
316,False,False,True,True,1.000000,0.000000,339.559998,-121.649994,27.900000,201.659988,-230.009995,-6.370000,-0.432629,0.901571,0.000499,-0.000974,0.200600,0.318500,-5.487000
317,False,False,True,True,1.000000,0.000000,341.190002,-123.610001,27.920000,195.239990,-234.959991,-4.690000,-0.411881,0.911237,0.000785,0.000024,0.168300,-0.138100,-5.493700
318,False,False,True,True,1.000000,0.000000,342.779999,-125.619995,27.910000,190.679993,-241.059998,-5.540000,-0.390809,0.920472,-0.000499,0.000542,-0.196200,-0.230200,-5.491600
319,False,False,True,True,1.000000,0.000000,344.320007,-127.689995,27.889999,184.369995,-248.580002,-6.970000,-0.369531,0.929218,-0.001033,-0.000240,-0.190700,0.086700,-5.496000
320,False,False,True,True,1.000000,0.000000,345.789978,-129.809998,27.910000,176.539993,-253.830002,-6.910000,-0.348060,0.937472,0.000467,-0.000844,0.232100,0.233100,-5.490100
321,False,False,True,True,1.000000,0.000000,347.199982,-131.959991,27.920000,169.300003,-257.699982,-5.780000,-0.326475,0.945205,0.000602,0.000170,0.126100,-0.172900,-5.495800
322,False,False,True,True,1.000000,0.000000,348.559998,-134.149994,27.900000,163.709991,-262.880005,-6.600000,-0.304643,0.952466,-0.000796,0.000569,-0.251400,-0.197000,-5.490700
323,False,False,True,True,1.000000,0.000000,349.859985,-136.389999,27.869999,156.029999,-269.149994,-7.820000,-0.282659,0.959220,-0.001276,-0.000343,-0.182500,0.132800,-5.495300
324,False,False,True,True,1.000000,0.000000,351.089996,-138.660004,27.869999,147.250000,-272.820007,-7.350000,-0.260540,0.965463,0.000375,-0.000790,0.292800,0.204700,-5.488300
325,False,False,True,True,1.000000,0.000000,352.250000,-140.949997,27.879999,139.339996,-275.169983,-5.740000,-0.238362,0.971176,0.000429,0.000283,0.101600,-0.202000,-5.495300
326,False,False,True,True,1.000000,0.000000,353.359985,-143.279999,27.859999,132.949997,-279.299988,-6.390000,-0.215968,0.976400,-0.001049,0.000569,-0.290300,-0.155600,-5.490100
327,False,False,True,True,1.000000,0.000000,354.389984,-145.649994,27.840000,124.189995,-284.049988,-7.540000,-0.193455,0.981108,-0.001443,-0.000402,-0.158300,0.162700,-5.495300
328,False,False,True,True,1.000000,0.000000,355.350006,-148.029999,27.849998,114.849998,-286.089996,-7.090000,-0.170857,0.985295,0.000240,-0.000699,0.319900,0.147100,-5.488700
329,False,False,True,True,1.000000,0.000000,356.239990,-150.419998,27.859999,106.579994,-286.979980,-5.570000,-0.148241,0.988951,0.000192,0.000348,0.061400,-0.212000,-5.495500
330,False,False,True,True,1.000000,0.000000,357.069977,-152.839996,27.840000,99.489998,-289.929993,-6.340000,-0.125459,0.992098,-0.001281,0.000488,-0.308300,-0.098000,-5.490400
331,False,False,True,True,1.000000,0.000000,357.819977,-155.279999,27.830000,90.000000,-292.959991,-7.550000,-0.102607,0.994721,-0.001562,-0.000521,-0.122100,0.187000,-5.495400
332,False,False,True,True,1.000000,0.000000,358.489990,-157.720001,27.849998,80.400002,-293.299988,-7.140000,-0.079722,0.996817,0.000148,-0.000655,0.340600,0.085700,-5.488700
333,False,False,True,True,1.000000,0.000000,359.089996,-160.160004,27.859999,72.049995,-292.649994,-5.610000,-0.056864,0.998382,0.000008,0.000375,0.020700,-0.219800,-5.495500
334,False,False,True,True,1.000000,0.000000,359.609985,-162.610001,27.840000,62.149998,-294.429993,-6.440000,-0.033882,0.999425,0.001163,0.000067,0.248000,0.064300,-5.494000
335,False,False,True,True,1.000000,0.000000,360.059998,-165.069992,27.809999,54.079998,-295.509979,-8.929999,-0.010825,0.999940,0.001146,-0.000774,0.024000,0.181700,-5.496900
336,False,False,True,True,1.000000,0.000000,360.440002,-167.519989,27.820000,45.799999,-293.929993,-8.170000,0.012152,0.999926,-0.000251,-0.000423,-0.281100,-0.050300,-5.492500
337,False,False,True,True,1.000000,0.000000,360.739990,-169.959991,27.799999,36.439999,-292.449982,-8.990000,0.035161,0.999381,0.000218,0.000526,0.065300,-0.203700,-5.495800
338,False,False,True,True,1.000000,0.000000,360.979980,-172.399994,27.769999,28.789999,-292.989990,-8.970000,0.058078,0.998311,-0.001217,0.000121,-0.303800,0.078600,-5.491000
339,False,False,True,True,1.000000,0.000000,361.139984,-174.839996,27.750000,18.969999,-292.359985,-10.620000,0.081049,0.996708,-0.001405,-0.001114,-0.055700,0.254500,-5.493800
340,False,False,True,True,1.000000,0.000000,361.220001,-177.250000,27.769999,9.670000,-288.889984,-8.950000,0.103874,0.994590,0.000677,-0.000855,0.424000,-0.059900,-5.483300
341,False,False,True,True,1.000000,0.000000,361.239990,-179.619995,27.799999,2.210000,-284.899994,-6.130000,0.126565,0.991958,0.000316,0.000364,-0.058000,-0.259600,-5.482500
342,False,False,True,True,1.000000,0.000000,361.190002,-181.989990,27.789999,-5.550000,-284.079987,-6.220000,0.149229,0.988802,-0.001362,0.000094,-0.363700,0.081900,-5.487300
343,False,False,True,True,1.000000,0.000000,361.059998,-184.339996,27.799999,-15.349999,-281.729980,-6.970000,0.171903,0.985112,-0.001475,-0.001071,-0.022200,0.243400,-5.494500
344,False,False,True,True,1.000000,0.000000,360.859985,-186.649994,27.830000,-23.879999,-276.929993,-6.280000,0.194475,0.980907,0.000224,-0.000753,0.334200,-0.097500,-5.488900
345,False,False,True,True,1.000000,0.000000,360.600006,-188.919998,27.849998,-30.769999,-271.959991,-4.870000,0.216907,0.976192,-0.000170,0.000148,-0.088100,-0.187200,-5.496100
346,False,False,True,True,1.000000,0.000000,360.269989,-191.159988,27.840000,-40.029999,-268.329987,-6.020000,0.239322,0.970940,0.000958,0.000170,0.228500,-0.072200,-5.494700
347,False,False,True,True,1.000000,0.000000,359.880005,-193.349991,27.849998,-46.669998,-262.979980,-5.760000,0.261581,0.965181,0.000359,0.000833,-0.125800,-0.115400,-5.497300
348,False,False,True,True,1.000000,0.000000,359.429993,-195.509995,27.830000,-54.160000,-259.549988,-7.720000,0.283743,0.958900,-0.000974,0.000343,-0.255100,0.153300,-5.491900
349,False,False,True,True,1.000000,0.000000,358.910004,-197.629990,27.820000,-62.809998,-254.769989,-8.940000,0.305711,0.952124,-0.000817,-0.000753,0.074500,0.211300,-5.495400
350,False,False,True,True,1.000000,0.000000,358.329987,-199.699997,27.820000,-69.790001,-247.809998,-8.240000,0.327495,0.944852,0.000920,-0.000165,0.323600,-0.211900,-5.486300
351,False,False,True,True,1.000000,0.000000,357.709991,-201.709991,27.840000,-74.869995,-240.970001,-5.960000,0.349026,0.937113,0.000305,0.000817,-0.161400,-0.179800,-5.491500
352,False,False,True,True,1.000000,0.000000,357.029999,-203.679993,27.830000,-81.759995,-236.619995,-6.580000,0.370427,0.928861,-0.001211,0.000170,-0.273800,0.225500,-5.488500
353,False,False,True,True,1.000000,0.000000,356.279999,-205.599991,27.820000,-89.500000,-230.279999,-7.430000,0.391661,0.920109,-0.000990,-0.000920,0.093300,0.221000,-5.494700
354,False,False,True,True,1.000000,0.000000,355.489990,-207.449997,27.830000,-95.129997,-222.139999,-6.700000,0.412679,0.910876,0.000591,-0.000235,0.262500,-0.242900,-5.488300
355,False,False,True,True,1.000000,0.000000,354.660004,-209.239990,27.849998,-99.049995,-214.569992,-5.080000,0.433444,0.901180,-0.000024,0.000585,-0.168200,-0.132900,-5.495800
356,False,False,True,True,1.000000,0.000000,353.779999,-210.979996,27.840000,-105.040001,-208.869995,-6.200000,0.454041,0.890980,-0.001308,-0.000127,-0.201000,0.244200,-5.490800
357,False,False,True,True,1.000000,0.000000,352.850006,-212.659988,27.830000,-111.399994,-201.309998,-7.430000,0.474407,0.880305,-0.000974,-0.001109,0.126800,0.180100,-5.495500
358,False,False,True,True,1.000000,0.000000,351.889984,-214.259995,27.840000,-115.529999,-192.339996,-7.000000,0.494502,0.869176,0.000494,-0.000283,0.204100,-0.281300,-5.489000
359,False,False,True,True,1.000000,0.000000,350.910004,-215.799988,27.849998,-118.029999,-184.199997,-5.480000,0.514291,0.857616,-0.000202,0.000472,-0.193500,-0.097200,-5.495700
360,False,False,True,True,1.000000,0.000000,349.889984,-217.279999,27.840000,-122.930000,-177.479996,-6.540000,0.533863,0.845570,-0.001438,-0.000375,-0.156100,0.285200,-5.490300
361,False,False,True,True,1.000000,0.000000,348.820007,-218.690002,27.830000,-127.860001,-168.910004,-7.640000,0.553149,0.833080,-0.001006,-0.001357,0.162400,0.160100,-5.495200
362,False,False,True,True,1.000000,0.000000,347.729980,-220.019989,27.849998,-130.279999,-159.279999,-7.040000,0.572134,0.820160,0.000423,-0.000380,0.154000,-0.321000,-5.488400
363,False,False,True,True,1.000000,0.000000,346.639984,-221.279999,27.859999,-131.220001,-150.849991,-5.410000,0.590773,0.806838,-0.000326,0.000321,-0.210000,-0.062800,-5.495600
364,False,False,True,True,1.000000,0.000000,345.509979,-222.459991,27.849998,-135.029999,-141.679993,-6.230000,0.609158,0.793048,0.000742,0.000801,0.108400,-0.224300,-5.494300
365,False,False,True,True,1.000000,0.000000,344.359985,-223.569992,27.820000,-137.919998,-133.690002,-8.910000,0.627285,0.778789,0.001244,0.000143,0.178200,0.013800,-5.497000
366,False,False,True,True,1.000000,0.000000,343.209991,-224.610001,27.820000,-137.979996,-125.219994,-8.240000,0.645018,0.764167,-0.000040,-0.000472,-0.103200,0.264600,-5.492600
367,False,False,True,True,1.000000,0.000000,342.059998,-225.569992,27.799999,-138.459991,-115.540001,-8.990000,0.662427,0.749126,-0.000272,0.000553,-0.185900,-0.104600,-5.495800
368,False,False,True,True,1.000000,0.000000,340.889984,-226.470001,27.769999,-140.869995,-107.619995,-9.160000,0.679431,0.733738,-0.001119,-0.000682,0.020300,0.314800,-5.490900
369,False,False,True,True,1.000000,0.000000,339.699982,-227.289993,27.740000,-142.379990,-98.019997,-10.700000,0.696123,0.717920,-0.000445,-0.001718,0.243400,0.109600,-5.493500
370,False,False,True,True,1.000000,0.000000,338.529999,-228.019989,27.760000,-140.879990,-87.909996,-8.800000,0.712386,0.701787,0.001017,-0.000186,0.025000,-0.431600,-5.482900
